Date,TOTAL,MINING AND QUARRYING,Mining of coal and lignite,Extraction of crude petroleum and natural gas,Mining of metal ores,Other mining and quarrying,Mining support service activities,MANUFACTURING,Manufacture of food products,Manufacture of beverages,Manufacture of tobacco products,Manufacture of textiles,Manufacture of wearing apparel,Manufacture of leather and related products,Manufacture of wood and of products of wood and cork. except furniture; manufacture of articles of straw and plaiting materials,Manufacture of paper and paper products,Printing and reproduction of recorded media,Manufacture of coke and refined petroleum products,Manufacture of chemicals and chemical products,Manufacture of basic pharmaceutical products and pharmaceutical preparations,Manufacture of rubber and plastic products,Manufacture of other non-metallic mineral products,Manufacture of basic metals,Manufacture of fabricated metal products. except machinery and equipment,Manufacture of computer. electronic and optical products,Manufacture of electrical equipment,Manufacture of machinery and equipment n.e.c.,Manufacture of motor vehicles, trailers and semi-trailers,Manufacture of other transport equipment,Manufacture of furniture,Other manufacturing n.e.c.,Repair and installation of machinery and equipment,ELECTRICITY. GAS. STEAM AND AIR CONDITIONING SUPPLY,Electricity. gas. steam and air conditioning supply,MIG - Intermediate goods,MIG - Capital goods,MIG - Durable consumer goods,MIG - Non-durable consumer goods,MIG - Energy (except Section E),MINING AND QUARRYING; MANUFACTURING,MINING AND QUARRYING; MANUFACTURING (except food. beverages and tobacco),MINING AND QUARRYING; MANUFACTURING (EXCEPT MIG ENERGY),MINING AND QUARRYING; MANUFACTURING (EXCEPT MIG ENERGY). except food. beverages and tobacco,MIG - Consumer goods,MIG - Consumer goods (except food. beverages and tobacco),MIG - Energy (except Sections D and E),MINING AND QUARRYING; MANUFACTURING; ELECTRICITY. GAS. STEAM AND AIR CONDITIONING SUPPLY (except food. beverages and tobacco)
2005-01,56.7,143.8,184.8,156.2,306.7,71.1,130.7,50.8,51.9,70.3,63.2,122.8,425.8,258,60.5,46.4,94.1,119.5,72.8,71,30.1,45.4,152.8,64.6,34.8,14.9,52.5,22.6,91.9,90.5,91.2,136.2,81,81,46.9,35.4,55.3,98.4,96.9,54,54.5,50.3,50,87.7,129.2,145.1,57.2
2005-02,56,139.5,176,159.5,294.3,71.1,109.1,49.9,53.7,71.7,57.3,124.6,404.9,257.4,56.7,42.9,97.3,120.8,70.2,61.1,30.3,36.1,141.3,60.7,33.3,13.7,50.5,24,89.4,101.3,91.5,122.9,83.9,83.9,43.9,34.9,58.6,98.8,98.5,52.9,52.7,49.6,48.8,88.8,128.2,146,55.9
2005-03,57.5,141.8,216.3,157.3,294.8,79.1,112.9,51.8,57.9,81.5,66.3,125.9,419.3,262.8,60.2,39.2,91.6,127.7,76.3,56.3,29.7,38.6,142.1,60,32.7,15.3,50.5,24.1,87.4,94.1,88.1,135.2,83.3,83.3,45.5,35.6,55.7,102.2,99.8,54.9,53.8,51.4,49.6,92.6,127.1,151.2,56.6
2005-04,58.7,141.5,223.6,154.3,315.3,84,110.3,52.9,56.6,74.2,44.3,131,405.8,334.8,59.6,40.4,99.7,125.7,78.9,56.3,32.8,42.7,142.4,65.3,38.1,14.3,52.5,23.7,90.3,99.9,103.4,129.4,86.3,86.3,46.7,36.4,58.5,105.6,102.4,55.9,55.2,52.7,51.6,91.8,130.8,149.5,58.1
2005-05,53.5,136.9,193.3,152,291.6,81.3,123.1,48.3,51.2,66,47.1,125.9,386.5,272.2,56.2,38.3,97.7,107.4,75.3,56.5,28.9,41.3,123,60.1,33.2,13.2,49.9,22.9,87.6,88,89.6,127.6,81.4,81.4,43.2,35.3,53.2,94,96,51.3,51.7,48.3,48,84,122.7,138.2,54.4
2005-06,56.6,136.3,148.7,152.9,291.6,84.6,147.5,51.9,53.3,64.5,55.5,142.5,406.5,276.6,59.4,41.1,107.9,133.9,69.6,67.2,31.8,44.7,119.9,60.3,36.6,14,50.2,24.4,88.2,91,87.8,153.2,81.1,81.1,45.9,37.4,54.9,99.2,97.8,54.9,55.2,51.5,51.3,88.4,130.5,147.2,57.4
2005-07,56.4,139.9,154.3,152.8,298.2,88.7,157.1,51.5,52.8,67.1,59.6,130.7,411.3,270.3,63.1,40.1,111.2,124.5,74.8,60.5,31.8,44.9,112.9,61.1,41.4,14.9,50.3,25.3,96,85,104.6,124,77.6,77.6,46.4,36.6,51.9,98.5,95.1,54.5,54.7,51.2,51,87.2,126.4,143.8,56.5
2005-08,58.9,139.9,161.2,149.3,311.1,88.8,161.4,53.9,56,72.4,59.3,127.7,413.9,287.5,62.3,41.9,113.8,134.7,71.7,65.7,32.8,45.9,130.9,65.3,38,14.5,52.5,28.3,88.2,90.6,110.5,135.9,81.1,81.1,48.4,39.2,56,102.3,98.1,57,57.4,53.4,52.7,90.9,132,148.1,59.5
2005-09,58.2,144.5,179.1,148,302.2,92,174.5,52.9,54,74.3,55.7,130,408.6,280.1,66.4,41.6,97,133.8,73.2,61.9,32.6,45.6,127.3,65.4,37.1,15,50.4,24.2,93.9,91.1,114.1,130.3,81.7,81.7,48.4,37.7,56.2,100.4,98.7,56.2,56.1,52.9,52.4,89.7,129.6,148.9,58.2
2005-10,57.8,141.7,168.7,147.1,276.6,96.2,175,52.5,56.3,74.9,51.1,122.4,401.8,269.4,62.3,41.5,104.5,96.8,70.5,55.1,33.2,46.1,131.5,60.1,37.3,16.3,49,26.8,90.9,90.9,109,130.1,81.4,81.4,48.7,37.6,56.5,100.6,94,55.7,55.6,53,52.1,89.6,127,130.2,58.1
2005-11,59.5,149.1,186.4,158.4,285.8,97.3,169.8,53.6,57.2,77.7,55.7,115.4,405.6,271.6,65.2,41.9,104.4,103.8,72.7,59.8,33.7,43.1,126.2,67.3,40.3,15.7,50.4,26.4,99.1,87.8,93,170.7,84,84,47.7,40.3,56.4,102,97.9,56.9,56.2,53.9,53,91,127.4,139.3,59.1
2005-12,61.7,148.9,181.2,160.6,251,93.9,167.4,56.3,59.3,78.5,58.4,118.9,434.2,286,64.2,40.3,123.2,141,76.2,56.3,35.3,41.4,130.9,64.1,34.9,17.6,48.3,30.3,84.3,92.4,85.2,122.4,82.3,82.3,48.9,40.3,57.9,107.3,100.8,60,58,56,54.4,95.1,132.2,156.5,60.5
2006-01,59.8,156,171.3,160,242.7,88.6,214.9,54.6,59,79,56.6,121.7,418.3,274.7,67.8,41.2,106,129.3,72.3,59.9,35,33.8,135,70.5,45.2,16.3,48,28.7,86.6,97,88.6,135.3,74.8,74.8,48.9,39.8,61.3,104.8,93.5,58.1,57.6,54.5,53.7,94.2,132.6,149.4,59.1
2006-02,60,148.8,204.2,155.7,271.1,88.6,145.5,55.2,55.8,80.6,64.7,114.3,446.8,278.3,72.9,44.4,100.9,139,69.1,49.9,34.5,35.9,131.2,75.5,45.2,17.6,49.9,27.6,94.4,102.7,94,153.3,74.2,74.2,49.6,40,62.2,103.9,93.8,58.5,58.5,54.9,54.5,93.6,134.2,156.1,60
2006-03,59.8,146.9,207.7,155,278.9,94.3,137.7,54.8,53.8,74.5,54.5,126.3,410.3,284.5,68.5,43.7,106.4,122.1,73.2,53.8,35.8,41.9,129.2,77,40.8,17.9,51.2,25.6,96.2,98.6,102.1,134.4,75.7,75.7,49.4,40.1,61.2,102.5,93.9,57.9,58,54.8,54.5,91.3,132.4,148.9,59.6
2006-04,63,146.6,232.8,144,257.9,108.1,176.8,58.2,55.3,87.2,59.2,122.6,417.1,284.9,71.7,47.1,110.5,126.8,78.7,64.5,38.3,47.1,135.8,76.3,42.6,18.5,52.7,30.9,111.4,98.1,162.5,143.4,77.1,77.1,53.6,42.6,60.5,104.8,94.8,61.5,61.4,58.4,57.9,94.8,134.3,144.4,63
2006-05,62.4,144.9,219.3,145,271.2,113.1,149.7,58.3,58.1,82.7,55.4,124.2,425.7,280.6,72.6,49.9,106.9,133,76.5,59.4,39.6,49.1,125.8,77.2,48.2,19.9,54.9,27.9,108.2,102,92.7,142.7,78.3,78.3,54.5,42.3,63,105.5,97.2,61.2,61.4,58.2,58.1,95.3,134.7,150.1,63.1
2006-06,63.3,143.3,210.1,144,239.7,109.3,148.8,59.5,58.3,87.2,45.1,127.2,420,294.9,74.3,48.5,112.2,119.2,81.2,61.5,39.9,50.3,137,75.6,49,21.3,53.4,27.9,102.1,108.3,93.7,130.7,75.9,75.9,56.3,41.4,64.8,109,93.4,62.5,62.4,59.6,59.1,98.2,138.5,144.5,63.3
2006-07,62.9,145.6,193.7,141.3,234.5,115.7,177.7,58.7,57.8,90,39.8,119.3,412.8,273.6,76.1,46.7,107.5,109.9,80.5,59.9,40.4,50.2,138.8,77.8,41.9,20.4,58,28,102.1,111.4,89.6,136.4,76.3,76.3,56.4,41.7,66.2,106.9,92.4,61.7,62.1,58.9,58.5,96.7,135.2,137.5,63.4
2006-08,64.1,140.7,202.8,141.9,211.4,116.7,139,59.9,55.9,80.6,39.6,116.8,422.8,287.6,74.8,44.8,99.3,114.7,79.5,67,42.7,51.6,139.8,82.7,46,20.8,53.9,31.2,104.9,101.6,96.4,142.9,78.6,78.6,57.5,44.4,61.6,103.7,94.3,62.8,63.5,59.8,59.9,93.4,133.6,141.3,64.6
2006-09,65.4,142.2,201.6,141.1,223.8,124.3,144,61.4,59.5,81,48.1,108.9,415.8,284.8,76.8,48.8,102,114.4,78.9,61.9,44.1,52.8,133.1,81,60.7,21.6,51.8,31.7,120.1,104.8,109.3,144.4,77,77,59.3,45.5,62.6,105.9,93.1,64.3,64.7,61.6,61.7,95.4,133.3,140.4,65.6
2006-10,65.4,144,194.2,144,208.7,120.8,162.9,61.3,62.1,87.2,49.9,120.8,397.2,297.8,78,48.1,105.7,122.4,78.3,55.5,44.9,53.8,130.8,85.5,49.4,22.3,54.4,29.4,108.3,104.3,100,146.3,75.9,75.9,58.9,45.1,63.5,107.6,93.9,64.4,64.8,61.6,61,96.7,134.1,144.2,65.6
2006-11,65.2,146.5,202.3,146.9,180.9,127.2,163.3,60.9,60.7,97,51.1,116.9,401.1,270.4,80,44.2,103.6,98.3,74.2,59,47.5,56.9,132.2,83,52,21.5,55.3,30.3,102.7,108,109.6,125,75.9,75.9,59.1,45.2,63.5,107.4,90.5,63.9,63.4,61.4,60.7,96.9,131.8,134.4,64.8
2006-12,68.2,143,207.2,150.2,186.3,133.4,128.1,65.1,61.4,94.5,56.6,131.6,409.3,270.8,84.6,51.4,115.7,101.5,80.3,68,47.8,67.3,137.9,89.4,64,24.2,63.9,33.7,97.8,122.9,107.2,151,72.5,72.5,63.6,47.3,73.9,110.6,88.9,68.5,67.4,65.5,64.9,101.1,142,137.4,67.7
2007-01,67,146.7,221.1,144.4,130.5,130.4,155.2,63.2,64.9,95.6,50.1,138.8,393.6,284.7,84.3,46.2,102,117.7,81.7,58.5,48.1,74,143.3,88.1,52,20.7,66.9,30,122,111.9,121.6,151.4,75.7,75.7,60.8,47.3,66.8,111.1,92.8,67.9,66,63.3,62.6,100.6,136.5,143.9,66.6
2007-02,68.7,148,216.3,148.7,63.7,125.8,165.5,64.8,69.5,92.8,55.3,134.5,398,282.3,83.7,49.4,100.9,119.3,80.5,70.2,48.4,66.5,140.6,93.5,47.5,21.4,73,31.4,123.5,109.5,146.4,153.4,77.2,77.2,60.9,49,65.5,115.4,93.6,68.6,67.3,65,64.3,102.8,138.1,146.3,68.1
2007-03,70.5,146.8,198.7,147.3,89.2,150.5,165.8,66.5,70.7,81.7,56.9,133.1,404.1,282.1,85.8,57.6,100.5,116.2,88.1,64.3,51,67.8,139.1,91,52.2,21,70.2,34.6,114.7,111.6,132.6,162.7,80.1,80.1,62.9,50.5,65.9,116.1,95.3,70.3,68.6,66.8,66.4,102.4,136.3,141.8,69.8
2007-04,67.8,139.1,235.5,146.8,61.7,128.8,137.7,64.2,68.8,80.3,63.8,128.2,373.8,268.1,80.3,49.9,94.3,81.3,72.7,61.5,51,62.3,132.4,92.2,44.1,20.2,63.6,35.6,120.4,111.5,109.3,164.4,75.4,75.4,59.4,51.8,66.6,107.6,88.3,68,67.2,64.8,64.1,98.3,131.8,125.7,67.8
2007-05,69.5,147.2,227.3,150.3,69.6,140.6,153.3,65.9,71.4,86.8,68.2,132,375.9,272.4,85.5,50.3,110.8,97.3,74,76,51.7,61.5,144.2,91.3,43.1,20.2,66.5,34.4,113.8,115.2,118.2,160.2,79.9,79.9,61.3,51.5,67.4,115.1,94.5,70,68.4,66.4,65.9,103.6,137.1,137,69.7
2007-06,70,151.5,226.5,150.2,49.4,149.3,164.6,66,74.1,88.8,77.7,125.3,374.5,264.8,83.8,46.7,97.7,118.6,73.9,60.4,51.1,62.1,138.7,89,43.5,19.7,63.5,35.7,119.6,103.8,107.4,141.3,83,83,61.3,50.7,61.9,113.4,99.8,70.4,67.9,66.1,64.9,100.8,126.8,149.1,69.1
2007-07,69.7,136.4,206.8,142.9,33.1,135.6,118.6,65.8,75.6,90.7,61.9,149.7,349.2,267.5,80.4,52.8,94.7,118.2,79.5,91,48.6,60.3,129.2,87,48.1,20.3,65.4,35.2,112.4,103,103.7,158.2,85,85,59.7,51.7,62.5,115.5,100,70.7,67.9,65.6,64.1,102.4,133.8,143.9,69.1
2007-08,69.9,149.1,208,144.9,36.9,133.3,193.7,66.2,75.9,93.7,68.5,119.3,346.6,255.1,79.7,50.8,93.6,120.3,75.1,55.2,51.2,60.4,136.4,92.6,49.2,21.3,74.5,33.5,123.8,107.3,99.5,151.1,78.1,78.1,61.8,51.2,66.3,114.9,95.5,70.7,67.7,66.3,64.3,103.3,125.5,146,68.2
2007-09,68.9,138.1,194.6,140.4,19.2,129.3,156.9,65.4,75.2,94.4,70.1,118.4,350.7,251.6,79.8,49.5,97.5,129,73.5,58.1,52.8,61.8,131.4,86,51.7,20.5,69.1,34.4,114.7,103.8,88.4,148.4,76,76,60.8,49.9,63.5,114.4,94.3,68.4,66.9,65.3,63.6,101.7,124.8,146.1,67.9
2007-10,70.4,135.1,182.5,141.9,47.9,130.4,140.6,67.2,68.7,95.4,70.5,119.1,339.5,240.2,81.9,47.6,103.7,129.9,76.8,63.1,54.4,65.5,133.8,95.8,49.4,21.6,73.1,36,114.1,107.3,88.2,146.5,77.7,77.7,62.2,54.4,64.9,109.6,95.1,69.9,70.1,67.2,66.4,98.7,126.6,144.9,70.6
2007-11,71.5,142.1,180.7,155,21.3,127.8,158.8,67.5,69.5,83.1,68.3,122.8,348.3,257.3,76.3,46.5,102.3,127.5,76.7,60.9,54.8,66.2,131.2,98.1,48.2,22.9,64.7,40.5,118.3,109.8,110.1,132.1,82,82,61.5,55.2,68.2,108.7,98.3,70.3,69.6,67.4,67.1,99,129.6,147.1,70.8
2007-12,72.3,140.2,188.7,137.1,36.3,133.7,183.8,69.2,71.8,92.5,60.6,122.5,315.5,252.8,78.4,47.4,107.4,118.4,76.2,66.3,56.6,71.8,130.6,107.8,49.5,23.5,72.3,42.5,104.2,106.1,131,143.5,80.2,80.2,63,59.4,66.5,112.6,94.5,72.7,71.6,69.6,68.3,100.6,128.4,137.1,72.1
2008-01,72.9,133.4,184.6,140.2,24.5,125.9,138.3,69.8,78.4,95.2,76.7,115.3,312.6,244.6,80.2,52.5,121.6,116.5,84.9,69.2,60.4,68.5,130,112.5,48,23,62.5,43.1,116.3,112.2,71.8,133.3,82.2,82.2,62.3,59.3,68,114.9,95.7,72,71,69.7,68.5,103.5,128.5,136.8,71.7
2008-02,75.1,137.9,185.5,142.4,12.2,142,131.5,71.9,75.1,99.2,74.1,119.9,328.8,256.9,85.5,51.6,121.5,120.9,87.9,74.5,60.5,86,131.8,114.4,48.5,24.5,67.3,41.1,121.3,111.1,75.9,139.9,80.6,80.6,66.9,58.6,66.1,114.6,94.9,74.4,73.8,72,71.4,103.7,131.7,141.2,74.2
2008-03,74.4,143,222.5,137,3.1,181.2,166.4,71.1,74.3,101.2,68.6,120.8,315.3,253.5,81,49.3,127.7,115.8,91.7,85.2,61.6,83.5,135.7,114.8,48.9,24.2,68,37.9,117.4,112.1,78.8,137.1,80.4,80.4,68.2,56.2,67.1,115.6,94.7,73.8,73.6,71.2,70.5,105.7,134.5,138.1,74.4
2008-04,71.1,141.1,223.5,139.3,11.2,171.6,147.1,67.1,75.4,95.7,75.5,115.6,309.7,249.3,80.3,45.8,134.1,130.9,92.2,85.7,55.5,70.1,118.5,104.8,52.4,24.4,64.4,31.5,116.1,104.8,68,124.9,80.1,80.1,64,50.5,62.8,120.2,96.9,69.8,68.7,67.3,65.6,103.5,129.3,145.1,69.8
2008-05,74.5,145.4,227.1,136.7,1.7,154.7,186.4,71.6,76.5,104.1,82.2,111.8,305,224,75.8,45.4,142.8,115.6,94.4,85.8,59.6,72.2,126.8,113.3,54.5,25.6,64.9,38.6,128.6,108.9,89.7,123.6,80.6,80.6,67,56.9,65.4,119.6,95.9,74.2,73,71.8,71.1,106.4,129,139.7,73.8
2008-06,73.3,145.8,223.1,138.5,5.6,158.2,168.9,70.1,71.8,100.6,81.5,132.4,288.2,229.3,75.9,44.2,126.9,114.7,98.6,76.7,59.1,71.7,122.4,111,51.6,25,67.8,37.4,121.8,112.1,81.9,117.6,80.2,80.2,65.3,56.9,67.6,114.6,95.9,72.9,73.3,70.4,69.6,102.8,129.7,142,73.6
2008-07,72.3,148.1,223,137.2,17.8,149.6,185.9,69,71.5,102.7,68,126.9,275.7,229.6,72.6,46.7,122.6,101.5,91.4,71.5,60.5,72,122,105.5,50.5,23.5,61.6,37.5,114.6,107.4,80.3,124.5,78.6,78.6,65,56,64.8,112.9,93.2,71.8,71.2,69.5,68.5,101.3,122.7,135.8,71.7
2008-08,71.8,151.6,208.8,135.9,13,161,217.1,68.7,73.7,102.5,77.7,124.4,272.4,202.5,70.5,44,118.5,118.8,92.6,76.4,57.9,70.4,121.6,106.5,50.6,23.5,65.5,40.4,114.3,93.8,105.3,122,73,73,65.7,54.8,58.9,114.8,91,71.7,70.4,69,67.4,101.1,117,142,70.1
2008-09,71.9,147.7,198.8,139.6,11.9,151.3,195.2,68.2,73.4,104.2,90.5,115.8,276.4,221.6,70.8,46.7,122.1,116.9,93.3,76.6,57,67.9,117.1,98,42.5,24.3,66.8,38.2,126.8,100.2,77.4,118.5,80.1,80.1,63.5,56.2,62.3,113.8,95.3,71.2,70.7,68.7,67.2,101,121.9,140.5,71.5
2008-10,71.2,146.5,210.2,137,9.4,149.2,189.7,67.5,74.6,103.8,92.9,107.3,278.9,210.3,71.3,46,119.9,121.3,90.4,70.7,54.2,71.9,102.6,104.6,54.2,22.9,65.4,34.1,120.9,98.3,83.9,115.9,80.2,80.2,62.8,53.6,60.9,113.2,96.1,70.6,69.2,68,66.2,100.6,118.4,142.9,69.8
2008-11,67.7,140.6,177.7,131.5,5,147.5,208,63.5,77.9,96.4,88.8,106,270.9,208.2,71.2,44.9,126.9,128.9,80.3,72.8,50.9,67.8,71.3,104.5,49.8,22.1,70.6,29.5,115.2,95.6,84.6,116.4,78.5,78.5,58.2,48.8,59,114.6,93.2,66.3,63.7,63.6,61.1,100.7,117.6,137.5,65.4
2008-12,61.8,137.5,181,133.9,21.7,116.9,196.2,57.7,77.5,98.5,63.7,108.6,259.9,194.4,65,41.9,123.2,90.8,75.7,69.4,43.2,68.3,65.6,100.9,51.8,17.7,65.3,25.3,106.5,95.7,80.8,118.5,76.1,76.1,52.5,42.2,56.7,115.2,87.4,60.9,56.8,58.4,53.7,100.7,114.9,121.9,58.9
2009-01,62.3,138.4,177.7,134.2,16.4,87,214.9,57.4,73.1,111.5,71.3,97,249.6,205.4,74.8,38.2,138.1,84,59.3,68.6,47.1,46.6,58,98.7,38.2,23.6,63.8,28.4,120.4,92.2,67.4,146,80.1,80.1,50.5,46.4,55.1,108.7,89.4,60.2,57.7,58,55.4,95.5,111,118.7,60.1
2009-02,65.5,131.5,171.6,139.8,13.6,93.8,154.6,61.4,75.1,101.9,75.5,86.9,236,195.8,83.2,42.1,149.6,106.3,77.6,76.3,51.3,56.5,72.6,105,46.8,24.6,62.3,30.8,113.4,92.1,67,120.8,80.6,80.6,56.1,49.7,54.9,107.9,92.2,63.9,62.2,61.6,59.5,94.5,111.2,130.6,64
2009-03,64.4,136.2,188.6,135.1,0.2,86.2,205.2,59.9,71.4,88.3,85.6,86.8,223.3,177,81.4,39.2,128.2,106.3,63.6,64.7,49.2,51.4,63.5,91.8,46.4,21.9,62.6,33.9,125.2,93.9,70.7,114.7,80.2,80.2,53.3,51.6,54.5,101.7,92.6,62.6,61.8,60.2,58.5,88.8,104.6,130.8,63.5
2009-04,66.1,116.9,155.2,132.4,12.9,96,141.5,62.9,74.4,93.8,74,87.1,230.8,167,84.3,40.2,141.8,117.2,66,65.5,48.8,51,65.5,89.5,41.7,24.9,55.7,38.9,115.3,93,86.6,124.3,77.7,77.7,54.6,53.2,55,106.2,89.9,64.9,63.2,62.8,60.5,94.7,107.3,126.2,64.5
2009-05,68.6,125.8,230.3,119.1,4.1,107,152.6,65.2,74.5,98.1,66.4,85.2,227.1,181.2,91.8,42.2,136,105,69.3,70.5,54.6,54.1,66.8,84.4,40.4,27.7,56.3,41,126.3,92.9,80.4,121.5,84.5,84.5,58.6,54.7,55.7,108.4,95.3,67.4,65.8,65.2,63.7,95.2,107.9,127.7,67.8
2009-06,68.6,113.8,145.9,121,1.8,98.1,144.3,65.2,77.4,97.6,73.9,82.8,215.2,176.6,90.9,44.8,136.8,109,72.9,59.3,53.8,48.1,64.6,96,41.8,27.8,54.5,40.1,94.5,91.1,83.9,121.8,88.7,88.7,57.3,55.8,54.6,108.2,96.1,67.1,65.6,65.1,62.8,94.9,103.8,121.7,67.6
2009-07,69.3,124.4,151.7,128.3,2.6,110.9,167.7,65.6,74.2,89.2,93.7,85,220.5,181.4,91.5,40.7,128.9,107.5,76.4,45.4,54.7,52.1,76.4,94,33.1,26.9,51.7,43.5,86.9,89,82.8,133.2,87.7,87.7,59.3,56.6,54.1,102.7,96.5,67.7,66.7,65.7,64.3,91.3,100,125,68.2
2009-08,67.8,127.1,187,131.8,0.3,106.8,142.7,63.5,73.2,86.5,91.7,97.3,197.7,175.2,88.8,45.1,129.5,104.6,80.4,53.5,55.2,51.1,79.8,95.5,34.6,32.6,57.6,40.9,80.6,90,66.8,124.3,87.6,87.6,61.8,50.1,55.7,103.6,97.6,65.9,65.2,63.3,61.5,91.6,103.5,130.4,67.1
2009-09,69.5,127.9,185.8,131.4,2.6,108.5,147.7,65.3,73.6,90,67.1,93.9,198.8,164.3,93.9,40.8,126.6,105.9,82.4,59.6,53.8,53.2,82.9,95.5,31.6,28.5,47.7,43,79.7,87.7,61.4,122.5,89.9,89.9,60.7,55.4,53.7,102.9,99.1,67.8,66.9,65.6,64.1,90.9,101.2,130.2,68.8
2009-10,70.9,128.1,188.7,131,4.8,96.8,160.5,67,74.5,94.3,77.7,103.6,209.2,171.7,96.3,43.1,128.8,92.1,80.8,66.5,56.4,48.9,86.2,96.8,33,28.9,48.8,45.6,80,85.2,69.6,128,88.3,88.3,61.3,56.8,51.7,106.4,96.6,69.5,67.8,67.4,66,92.8,102.5,124.2,69.5
2009-11,69.5,125.7,180.6,131.4,2.2,92.2,155.1,65.5,72.6,89.8,74.8,98.6,197.5,175.4,98.9,41.5,132.2,94.6,89.2,63.2,56.5,45.5,83.5,89.6,35.2,30,47.5,47.2,76.1,84.3,67.5,129.7,86.9,86.9,60.9,56.8,51.3,103,95.3,67.7,66.9,65.7,64.3,89.9,102.4,123,69
2009-12,67.6,117.4,158.5,130,71.2,75.5,130,63.5,78.2,85.3,100.7,99.7,204,192.9,89.9,44.4,123,99,85.2,61.2,58.1,36,82.9,81.4,38.3,30.1,45.8,46.8,82.4,83.9,58.4,113.5,89,89,57.6,53.6,51.4,109.3,96.4,65.8,63.1,63.7,60.4,95,104.6,121,66
2010-01,67.2,123.9,160.1,128.4,92.1,101.8,118.5,62.6,67.7,80.5,57.1,91.7,210.4,175.7,84.8,37.8,109.9,94.8,79.9,57.7,53.1,45.5,85.9,78.9,31.1,28.7,47.8,48.1,79,78.4,60.8,120.1,91.2,91.2,57.5,54.9,49.2,97.8,98.4,64.7,64.1,62.9,62.3,85.6,99.1,120.6,66.7
2010-02,67,123.6,177.1,126.2,75.8,107.5,123.2,62.3,67.6,81.7,55.9,97.9,206.4,179.9,92.3,40,115.2,85.7,78.5,61.6,47.5,44.5,81.1,69.8,36.4,28.7,45.4,46.7,82,75.8,52.3,134,90.7,90.7,57.2,54.4,48.3,98.8,96.8,64.5,63.9,62.8,62,86,98.6,116.7,66.5
2010-03,68.7,116,176.1,128,62.1,84.7,106,64.3,71.3,97.4,35.3,100.4,215.5,183.7,96,42.1,113.1,103.2,77.4,56.7,50.1,43.9,91.8,76.9,35.3,33.7,45,48.2,63.2,85.9,57.5,115.9,91.3,91.3,59.7,55,52.8,102.5,98.5,66.3,65.9,64.4,63.1,90.2,103.8,123.6,68.3
2010-04,69.2,116.5,171.3,127.8,74.3,75.6,122.9,65.1,65,90.5,43.8,100.1,212.7,188.4,99.7,41,119.3,101.6,78.7,64.4,54.1,48.1,92.7,77,32.7,36.1,52.9,50.3,65,83.6,64.3,123,91,91,62.8,55.1,52.1,98.1,97.4,66.9,66.8,65.2,64.8,86.5,102.5,121.5,68.8
2010-05,69.1,108.6,142.5,122.9,58.8,76.2,106.1,65.4,69.1,88.1,64.8,88.9,215.3,184.5,97.9,40.7,113.3,99.6,79.9,65.7,55.6,48.3,98,87.3,33.6,34.6,49.8,50.3,63.2,84.2,60.6,138.5,90.2,90.2,62.4,56.9,53.3,99,95.8,67.2,67.4,65.4,65.1,87.6,102.8,117.7,69.7
2010-06,72,116.7,160.5,128.3,68.4,79.8,123.7,68.4,68.6,88.3,68.5,90.5,212.1,183.2,98.7,45,125.1,95.7,82.7,78.6,58.6,48.4,97.4,94.7,37.8,34.3,52.3,52.7,65.5,88.1,63.5,141.4,90.9,90.9,63.5,60.2,54.7,99.9,97.2,70.5,70.6,68.4,68.3,89.2,104.9,121.1,72.4
2010-07,72.3,124.1,199,129.7,49.8,74.3,144.9,68.6,71.7,86.7,69.8,96,222.5,186.3,102.1,43.5,131,88.4,81.9,69.5,58.3,48.7,97.7,87.3,41.4,37.4,51.3,51.2,62.8,86.7,55.8,131.8,91.4,91.4,65.2,58.4,54.4,103.8,97.6,70.7,70.1,68.7,68.5,91.7,106.9,121.6,71.9
2010-08,67.1,115.5,186.7,128.2,63.3,77,108.3,62.7,67.8,87,72.5,99.3,221.2,189,100.4,42.4,125.6,91.9,83.6,64.7,61.1,48.4,95.4,78.7,33.4,38.9,50.4,46,57.2,91.3,65.6,139.2,94,94,64.7,50.9,57.4,100.2,98.9,64.5,64.7,62.6,62,89.6,109.9,121,67.1
2010-09,73.3,111.9,192.7,127.2,64.8,81.6,91.4,69.6,69.6,85,71.8,101.9,212.2,187.7,102.2,44.7,124,83.4,85.9,75.8,60.5,49.1,98.4,92.6,38.8,37.6,51.5,51.8,70.5,95.8,72.3,138.8,92.9,92.9,65.9,60.2,57.9,101.9,97.2,71.6,71.7,69.8,69.5,91.6,109,116.8,73.8
2010-10,75.3,113.8,179.1,126.1,66.7,86.7,104.9,71.5,71.9,78.8,68.5,107.3,226.3,203.9,104.4,41.5,130,62.2,86.1,70.5,59.6,48.2,97.9,90.3,44.3,37.9,53.4,54.6,53.2,94.3,68.9,144,95.5,95.5,66.3,61.3,58.8,106.7,97.7,73.5,73.1,72,71.8,94.9,113.1,107.3,75
2010-11,74.2,116.9,191.3,125.8,68.9,86.1,115.6,70.8,69.5,92.6,82.3,111.6,221.1,198.2,106.2,43.7,117,89.1,81.3,75.6,62.2,47.5,92.9,89.4,41.6,40.1,55.6,53.5,52.8,94.7,70.1,144.7,89,89,67.7,60.9,60,105,95.5,72.8,72.7,71,70.5,93.9,112,118,74.5
2010-12,74.8,121,164.7,124.5,83.3,90.6,133.6,71.6,67.2,89.1,78.7,102,219.5,185.8,111.7,41.9,115.1,92,89.7,79.6,62.8,44.5,89.4,93.5,42.4,39.5,55.6,56.4,54.2,90.8,82,135.7,93.4,93.4,68.7,63.7,58.2,101.1,99.1,73.6,73.5,72.3,72.2,90.7,109.5,117.4,74.8
2011-01,74.7,124.8,165.4,125.8,98.3,117.3,122.5,70.9,69.4,75.1,83.2,114.9,221.9,194.5,106.1,44.6,109.3,89.3,98.2,77.8,58.5,58.8,96.8,84.4,36.9,39,56.1,56,51.6,89.1,87.3,151.5,94.6,94.6,71.6,61.6,56.8,103.9,100.2,72.8,73.6,71.5,71.6,92.3,110.5,117.2,75.4
2011-02,76,126.9,179,124.6,83.1,95.7,147.1,71.9,72.3,83.6,76.2,108.8,220.8,192.4,104.9,52.6,111,83.1,88.4,71.8,63.9,59.5,107.5,95.2,32.7,42,55.6,57.9,44,90.1,74.4,146.4,95,95,73.8,61.2,59.1,104.4,99.8,74,73.9,72.6,72.3,93.3,108,114.9,75.8
2011-03,75.6,122.1,202.7,125,90.1,90.4,131,71.4,68.2,84.6,77.3,108.3,212.5,191,105.4,46,120.6,91.1,89,89.8,63.6,54.4,102.3,90.8,34.7,39.2,60,57.8,62.1,84.4,71.8,159.5,96,96,70.1,62.5,55.5,103.3,101.3,73.4,73.5,71.8,71.7,90.6,106.8,119.5,75.8
2011-04,76.1,128,234.7,127.4,82.7,92.2,155.7,71.8,73.1,88,91.8,116.3,222.2,201.1,113.6,50.5,108.4,105.5,89.8,87.4,62.6,61.3,97.8,105.7,37.1,39,57.3,53.6,52.3,88.5,69.4,140.5,99,99,72,61,56,104.1,104.6,73.9,73.5,72.1,71.8,93,106.9,126.4,75.7
2011-05,75.6,123.4,217.7,129.7,92.4,85.8,130,71.6,72.6,77.5,92.2,113.9,218.3,195.4,108.3,53.7,113.6,99.9,90.9,89.9,66.2,63.7,92.8,85.6,37.1,42.7,61.4,56.9,57.3,85.3,78.4,149.7,97.4,97.4,71.8,62.3,56.6,103.9,103.3,73.6,74.1,71.7,71.8,92.2,108.8,126.6,76.4
2011-06,74,118.2,224.6,126.8,85.6,83.4,109.5,70.4,71.2,83.3,97.9,97.6,217.4,193,109.2,49.5,119.8,100.1,90,86.9,64.1,58.6,98.9,88.4,31.6,39.7,57.7,57.5,42.5,86.7,68.8,144.8,94,94,70.3,59.4,55.6,102.3,101,72.4,72.5,70.2,70,91.1,107,126.7,74.4
2011-07,76.8,116.9,199.2,126.6,80.8,86.5,107.7,73.4,73.1,86.8,73.4,103.9,226.1,198.4,112,48.1,121.3,95,89.7,98.4,71.4,53.4,107.1,108.7,33.6,42.8,60.8,56.2,55.4,87.3,68.3,152.5,92.6,92.6,72.9,62,57.9,106.5,98.9,75.3,75.4,73.4,73.7,94.6,111.6,122.8,76.7
2011-08,77.4,125,205.6,126.6,88.8,88.1,148.5,73.8,73.7,83,89.7,108.8,235.9,199.9,117.7,46.4,112.6,78.8,88.7,100.7,72.3,61.1,105,98.1,31,42.6,63.5,61.4,76.7,90.1,75.4,158.2,94.5,94.5,74.3,67.2,58.1,106.7,98.3,75.6,76.3,74.2,74.6,94.9,113.8,116,77.7
2011-09,77.7,119,194.4,123.5,105.7,89.4,131.1,73.9,72.8,91.7,89.4,109.1,229.2,201.6,114.6,51.5,106.2,80.2,88.6,92.9,72.3,60.7,101.6,93.2,29.3,41.4,62.5,60,58.9,86.4,67.3,164.7,97.2,97.2,73.8,62.6,56.8,106.4,99.8,75.9,75.8,74.4,74.1,94.3,109.6,113.8,77.6
2011-10,78.1,116,194.7,125.9,96.4,90.6,107.8,74.5,74,87,84.6,108.8,215.2,194.1,117.9,48.7,109.3,87.7,86.5,91.2,72.7,57.7,92.5,86,30.6,42.3,67.6,61.7,73.2,84.1,76.9,144.2,96.4,96.4,72.9,65.6,55.5,105.6,100.9,76.5,76.9,74.8,74.6,92.8,107.2,118.7,78.8
2011-11,78.3,115.9,209.6,125,82.4,88.3,103,74.4,76.2,84.6,83.8,107.6,209.5,186.5,114.9,55.1,100.8,82.1,78.7,93.6,73,57,105.5,87.5,32.6,41.9,66.8,60,68.2,82.4,62.5,149.7,98.8,98.8,72.7,65.2,55,105.7,102.6,76.3,75.6,74.8,74,93.2,104.2,116.3,78
2011-12,77.6,121,214.9,124.2,90.9,91.8,116.5,74.1,70.4,92.4,76.2,119.6,222,187.3,121.9,49,93.9,90.5,74.7,89,76.1,60.8,105.6,92.5,31.5,41.3,61.6,59.6,75.9,89.9,70.4,161.5,97,97,74.3,64.3,58.5,103.4,102.3,75.9,74.9,74.5,74.7,92.7,107,120.1,76.9
2012-01,77.5,135.4,203.7,123.3,89.2,87.6,183.1,74.2,68.6,85.2,98.4,110.8,224.5,176.6,123.7,43.6,96,82,79.3,90.4,65.6,65.2,102.7,78.1,38.9,41.2,66.9,59.4,65.4,86.5,81.1,155.9,92.3,92.3,77.8,65.2,55.1,102.5,97.7,76.4,76.7,75.2,75.6,90.8,106.2,115.5,77.8
2012-02,75.6,120.3,177.8,120.8,64.8,92.3,123.8,70.6,70.9,76.7,85.1,113.4,205.9,168.9,107.8,42.6,96.7,65.1,74.3,83.1,59.8,46.8,81.3,78.6,33.3,40,62.6,58.5,64,82.2,78.5,144.6,102.5,102.5,67.5,63.2,54,100.4,104.2,72.6,72.6,71.3,70.9,90,103.9,106.7,75.7
2012-03,77.5,132.9,218.8,123.4,74.8,82.8,188.9,73.1,74.8,88.2,85.1,115.4,219.7,179.7,119.2,49,109.4,91.3,89,94,64.6,51.7,82,93.6,35,40.6,63.6,56.6,70.2,84.2,83.4,164.3,97.4,97.4,71.5,63.4,57.8,107.4,102.7,75.3,74.6,73.7,73.4,94.2,107.3,120,76.9
2012-04,76.7,128.3,217,124.7,83.9,84.2,174.6,72.3,72.1,79.8,92.4,110.2,207.3,179.9,112.9,54.2,99.4,101.9,90.8,82.4,67.6,54.8,94.1,82.5,34.9,40.3,67.4,57.7,65.5,90.3,77.6,181,100,100,72.2,64.2,60,99.9,104.5,74.4,75.4,72.7,72.7,90.5,107,122.4,77.6
2012-05,79.7,128.3,203.8,124.8,120.7,90.9,170.5,75.3,73.5,89.1,99.9,114.1,226,197.5,123.9,51.7,115.3,75.3,92.3,87.8,71.7,58.6,99.7,93,38.4,40.9,67.7,60.4,76,86.5,76.9,183.6,104.9,104.9,76.1,66.4,59.4,107.2,105.7,77.5,77.6,76,76.2,95.8,112.1,112.9,80.5
2012-06,77.3,137.2,195.2,125.2,128.4,94.8,213.9,73.1,69.4,92.9,94.7,106.5,217.4,186.1,125.6,49.7,108.6,61.9,80,88.4,69.2,58.5,95.4,89.9,33.5,41.9,65.8,56.1,80.1,87.8,81.2,208.3,97.5,97.5,75.2,63,58.9,102.4,99.3,75.4,75.6,73.8,74.2,92.2,107.5,107.7,77.3
2012-07,78.1,136,188.4,125.6,127.5,90.6,211.9,74.2,72.6,93.1,104,96.6,215.1,183.3,121.2,48.6,107.1,90.3,74.2,86.6,69.2,58.3,97.6,94.1,30.7,44.2,68.7,58.9,77,93.1,78.5,202,97.5,97.5,74.1,65.7,62.7,103.4,101.8,76.4,77.5,74.7,74.9,93.4,110.3,119.5,79
2012-08,78.7,137.3,183.4,125.4,119.9,89.5,224.2,74.7,73.4,90.7,91.3,104.6,220.1,193.9,124.8,54.8,115,78.3,88.7,85.6,69.4,55.4,100.5,90.5,44.1,40.1,67.2,60.9,76.1,92.8,82.8,178.8,98.1,98.1,74.7,68.3,61,105.9,100.5,76.7,77.1,75.4,75.8,95.1,112.5,113.6,78.6
2012-09,80.9,137.2,197,125.3,103.9,86.4,215.8,76.8,77.1,90.2,82,108,208.8,178.6,122.8,48.5,126.6,91.2,87.9,97.7,68.1,54.4,92.8,97,41,42.6,67.9,61,67.3,93.6,75.7,188.6,96.9,96.9,74.2,69,61.9,107.1,101.1,79.2,79.2,77.5,77.5,96.1,110.2,119.6,81.1
2012-10,79.4,136.8,176.8,123.8,122.4,86.7,234.4,75.8,73.6,84.6,89.6,117.2,211.2,177.4,123.9,50.2,98.8,99.1,87.4,99.7,71.5,55.8,96.2,89.2,39.5,42,63.7,58.4,75.6,99.7,77.1,202.1,92.3,92.3,75.6,66.9,65.6,103.9,98.1,78.4,79.2,76.6,76.5,94.9,111.5,120.6,80.4
2012-11,81.8,134.3,188.1,120.7,149.3,83,216.6,78.3,75.9,83.6,86.8,124.3,224.3,187.8,126.8,48.1,105.1,98,87.5,85.5,69,55.3,93.6,88.4,35.8,42,66.2,64,85,98.6,76.7,210.2,94.8,94.8,76,69.6,63.9,108.5,99.8,80.6,80.3,79,79,97.6,113.9,118.4,82
2012-12,80.4,136.3,166,119.9,126.2,85.5,213.3,76.9,71.1,81.9,87.4,116,214,195.3,128.3,45.2,94.7,87.4,95.5,87.7,65.1,48,87.7,91.8,42.1,40.7,76.5,63.5,90.2,91.4,75.8,202.7,95.9,95.9,74.6,73.8,59.7,101.5,99.9,79.1,80.4,77.9,78.9,90.9,109,113.1,81.7
2013-01,82,143.6,188.3,120.9,83.3,97.8,239.2,79.1,75.6,82.2,66.3,119.4,229,193.4,131.1,49.4,102.5,88,90.3,99,66.8,65.6,90.3,83.9,35.5,46.1,64.2,64.1,86.6,95.1,77.4,214.8,93.8,93.8,81.2,70.3,62.5,108.6,98.6,81.3,81.6,80.4,80.8,97.3,114.1,115.4,82.4
2013-02,82.6,136.4,121.9,119.7,96.7,82.2,237.7,79.7,72.3,82,77.1,125.9,222.2,196.5,131.6,47.3,101.8,86,95.1,100.7,67.2,61.4,84.8,85.2,38.4,49.1,67.4,66.6,84.8,92.1,74.1,212.4,90,90,78.8,73,62.7,107.2,94.3,82,82.7,80.9,81.5,96.3,114.2,109,83.3
2013-03,83,130.8,158.2,122.4,93.9,77.9,211.7,79.7,75.5,78.4,83.6,136.2,233.9,189.6,134.4,54.3,93.5,38,87.6,108.7,70.9,59.2,84.2,82.5,31.6,50.8,66.6,68.2,81.7,97.9,86.5,190.1,95.4,95.4,79.1,71.6,66.1,107.1,95.1,81.8,82.1,81,81.7,99.6,118.1,92.7,83.2
2013-04,86.9,143.6,164,125.5,98.2,92.9,260.7,83.1,77.7,90.9,89.1,128.6,234.9,188.3,136.2,57.4,100.1,78.8,95.3,91.9,72.4,59.5,90.3,102.1,38.4,55.1,76.2,70.5,81.4,101.9,87.9,202.4,96.5,96.5,82.4,76.9,69.9,113.7,99.2,85.6,86.8,84.5,84.9,99.9,119.3,111.4,88
2013-05,78.4,134.6,98.3,128,90,84.1,235.6,74.7,72.8,94.6,73.1,108.9,211.2,173,135.6,48.8,95.8,96.5,94.5,84.5,67.8,52.5,84.3,96.2,32.1,42.6,67.1,62.7,74,94.6,75.8,195.5,92.2,92.2,74.7,66.5,63.8,102.4,97.1,77,76.9,75.5,75.7,93.4,108,116.2,78.3
2013-06,83.3,142.5,101,127.7,91,87.1,274.4,79.9,76.5,84.6,79.2,108.9,237.3,190.9,140.3,51.7,93.5,96.7,97.2,82.9,71.9,55.3,82.4,88.6,34,51.2,76.2,68.5,75.9,93.3,84,201.8,93.9,93.9,79.3,72,64.9,108,99.1,82.2,82.8,80.5,81.2,97.8,115.3,117.3,84
2013-07,85.3,135.5,117.9,126.4,99.4,88.9,238.2,82.1,77.1,75.6,87.6,114,231.3,184.9,143.6,55.2,97,94.9,87,109.1,74.6,64.8,83.8,88.3,42.6,51.1,79.5,70.5,82,101.1,83.1,181.1,95.9,95.9,81.5,75.8,67.3,107.9,99.9,84.2,86.3,82.7,83.7,98.4,118.3,116.5,87.1
2013-08,84.1,130,148.1,126.5,98.2,80.8,202.2,80.5,80.9,86.4,87.8,128.4,251.6,198.8,141.7,57.1,102.1,89.9,88.6,64.7,73.7,64.4,85.4,98.1,33.8,46.4,77,68.6,82.3,104,83.9,209.8,99.6,99.6,79.3,73.7,66.5,114.3,102.5,82.3,82.6,80.9,81.6,102.8,121.3,116.6,83.8
2013-09,87.3,135.4,156.5,126.8,91.1,80.7,223,83.7,80.3,79.5,86.5,131.9,242.9,194.2,142.8,56.9,96.3,99,90.4,84.8,78.2,64.2,83.4,93.3,41.9,53.1,81.4,67.2,79.9,107.1,84.4,205.9,98,98,82.5,75.7,69.8,113.1,102.4,86,87.6,84.3,84.9,102.7,123.8,120.6,88.7
2013-10,88.5,133.3,163.1,124.9,95.2,91.3,217,84.8,80.4,80,85.9,125.7,238.6,189,140,59.5,101.2,101.5,90.7,85.7,74.3,63.3,89.6,95.7,45,50.5,77.8,69,97,104.9,77.3,207.8,102.7,102.7,83.2,76.6,66.3,112.9,106,87.2,87.6,85.5,85.9,101.8,118.7,121.1,89.1
2013-11,89.3,134,143.3,121.6,60.4,103.2,221.4,86.2,81.3,79.6,91.1,129.6,242.2,197.6,131.7,59.3,100.9,107.3,95.5,98.1,76.1,68.5,90.3,98.6,44,52.1,79.4,67.6,104.9,106.5,80.9,217.5,98.8,98.8,84.2,77.4,68.3,115.3,102.9,88.3,88.6,87,87.4,104,121.8,118.9,89.4
2013-12,86.7,136.6,127.5,122,102,83.6,224.4,83.9,84.3,79,102.4,142.6,229,198.7,132.2,60.2,98.8,100.8,94.3,103.7,75.8,63.9,91.2,92,39.4,47.8,83.8,67.4,110,103.1,77.7,222.7,98.8,98.8,81.9,77.7,68.3,115.4,102.7,85.9,86.4,84.8,85.1,103.6,121,116.9,87.1
2014-01,90.2,132.6,135.4,121.2,98.9,97,202.4,88.6,80.7,77.6,75.4,136.3,236.6,204.6,140.5,66.6,127,93.9,103,90.8,72.4,58.4,91.3,106.3,40.9,56.8,78.7,68.3,109.1,104.3,78.5,254.6,94.9,94.9,88.3,80.1,69.7,116.8,99,90.5,91.1,89.7,90.7,105.7,124.8,114.1,90.4
2014-02,90.5,137.9,153.1,120.6,100.6,85.6,228,87.9,80.3,80.5,87.3,134.8,238.2,204.2,133,64.9,107.4,104.5,97.3,84.6,73,66.7,86.5,92.8,46.5,58.6,74.8,70.7,111.9,109.2,79.6,226.6,95.7,95.7,85.7,81.3,72.1,114.5,100.7,90.2,91,88.9,89.7,104.6,123.5,118.9,91.2
2014-03,88.9,136.4,117.4,122.5,93.2,90.3,246.6,86.1,77.3,80.4,87.6,127.1,228.2,192.1,132.4,61,115.5,93.5,95.1,97.6,76.5,66,91.1,93.9,55.5,56.9,75.6,69.3,94,101.2,84.9,207.8,91.5,91.5,83.1,82.5,68.2,112.1,96.6,88.3,90,87.1,88.3,100,119.6,113,90.6
2014-04,91.1,137.2,112.4,124.3,98.8,78.5,258.8,89,82.7,84.9,94.9,122.7,235.6,208.3,135.4,70.2,112.2,99.8,95,88.6,78.1,62.3,86.3,90.2,57,57.9,82.3,70.4,119.8,104.8,89,205.3,87.8,87.8,83.9,84.9,72.2,114.7,93.6,91.2,92.2,90.1,90.8,104.9,123.7,114.9,91.9
2014-05,90.4,146.1,151.1,126.7,91.9,80.3,280.2,87.5,84.8,79.9,88.1,137.5,244.3,211.5,132.7,69,112.7,108.3,90.2,91.6,77.7,61.1,68.9,92.5,65.8,57.5,83.7,70.8,94.9,102.1,95.2,192,91.1,91.1,82.3,82.8,70.6,117.7,98.4,89.9,90.1,88.3,89.4,106.5,124.2,124,90.7
2014-06,90,129.3,162.7,126.1,87.1,74.8,196.3,87.9,85.4,79.1,102.1,129.3,243.8,194.8,133.6,73,101.9,73.5,90.8,82.4,75.3,68.6,88.3,90.2,70,56.1,76.4,69.6,110.7,104.9,93.5,193.1,87.8,87.8,81.7,83.9,73.5,114.9,93,89.8,91.6,88.3,89.1,105.1,124.7,110.9,91.3
2014-07,90.1,143.2,154.1,126.5,104.9,82.4,267.4,87.6,78.9,78.2,111.5,120.8,235.4,198,130.8,72.4,98.7,106.7,96,89.2,77.5,60.5,91.8,92.8,76,55.9,82,68.7,95.1,98.7,95,176.2,90.2,90.2,83,83.7,69.9,110.9,97.5,89.8,91.4,88.3,89.5,101.5,121.1,124.2,91.4
2014-08,85.8,142.6,115,125,104.4,80.8,284.9,82.9,76.8,82.1,103.5,123.9,236.8,205.2,136.6,70,109.1,105.8,91.7,95.8,78.2,60.8,89.1,98,55.1,51.5,77.5,67.6,95,102.2,100.7,208.3,91.8,91.8,80.9,79.2,73,111.2,97.8,85,86.4,83.5,85.2,102.3,125.6,120.2,86.8
2014-09,90.9,133.1,105.7,123.6,102.8,75.1,242.5,88.1,79.6,81.4,108.5,124.2,225.8,205.1,132.4,68.9,110.5,112.7,92.2,89.2,78.5,63.3,97.8,93.9,66.2,56.9,73.3,71,97.9,105.8,94.7,187,91.7,91.7,84.1,83.7,73,111.7,97.9,90.3,92.3,88.7,89.7,102.8,123.1,120.7,92.6
2014-10,91.8,140.4,132.5,123.8,84.1,76.8,280.5,89.2,82.2,89,102.6,117.2,235.7,201.2,130.8,72.2,111.4,108.6,97.2,99.9,80.2,66.6,100,94.5,57.8,56.1,77.9,70.7,107,102.8,103.5,193.2,92.7,92.7,84.9,81.8,75.3,116.2,98.5,91.5,92.2,90,90.6,107.2,125.8,121,92.2
2014-11,91.6,130.9,146.6,119.9,91.5,86.5,217.2,89.4,81.5,75.5,102.8,123,229.5,191.5,128.7,74,105.2,114.9,94.1,97.8,78.6,71,97.5,90.3,60.4,57.2,77.3,73,107.4,102.4,106.9,173.5,92.6,92.6,84.9,84.3,75.8,113.2,98.6,91.5,92.1,90,91.1,104.6,122.8,121.3,92.7
2014-12,89.5,142.1,130.9,118.8,107.7,98.6,251,87.7,89.2,74.4,134.3,122.8,224.9,195,135.2,74.5,103.1,103,92,96.1,69.7,70.2,98.7,91.8,55.7,55.1,70.8,73.2,105,96.9,121.2,191.1,91.6,91.6,85.6,83.3,70.2,117.3,96.8,89.7,90.2,88.8,89.2,106,120.8,116.4,89.9
2015-01,94.3,119.9,156.7,121,95.6,86.3,155.1,90.3,88.3,86.2,105.2,122.9,226.5,202.1,130.6,71.9,100.9,106.9,96.2,82.7,82.3,66.2,96.7,98.7,62.9,60.3,71.8,75.4,108,107,83.3,175.2,99.1,99.1,83.8,85.6,79.2,116.3,103.7,92.1,92.5,90.8,91.3,108,125,120.1,95.1
2015-02,92.5,125.2,151.2,121.2,129.1,93.3,184.1,88.9,82.9,81.3,107.4,114.3,225,193.3,129.7,68,101.5,101.3,95.3,102.4,80,67.7,95.1,96.1,59.6,56,71.7,74.1,112.1,108.7,85.7,208.3,98.3,98.3,83.2,85.2,76.8,113.4,102.8,90.9,91.7,89.6,90.6,105,122.9,118.7,93.5
2015-03,90.5,130.9,147.9,123.4,118.4,92,222.8,87.8,82.6,85.9,102,112.4,214.1,214.7,122.7,70.6,102.3,109.8,95.2,91.7,80.4,74.9,96.9,95,63.7,55.4,67.1,73.6,100,110.1,77.2,163.2,91,91,84.3,82.5,78.2,112.9,97.9,90.1,91.7,88.7,89.5,104,123.1,121,91.7
2015-04,91,126.9,127.2,123.3,105,93.3,185.4,88.7,79.1,86.6,100.8,114.4,219.6,183.8,126.7,73.3,104.5,90.7,92.9,88.4,81.2,77.6,94.2,99.3,62.5,52.8,69.8,74.6,87.8,107.8,80.7,190.1,94.1,94.1,84.6,84.9,76.3,109.7,98.9,90.7,92,89.6,90.4,101.5,119.5,117.3,92.2
2015-05,91.3,130.7,142.1,125.1,121.5,95.7,203.1,90.3,84.6,86.7,113.4,108.2,223.5,191.3,130.2,78,99.6,110.6,88.7,92.8,80.2,83.2,92.3,107.5,62.8,58.8,69.4,75.5,110,107.8,82.9,181.3,84.8,84.8,86,86.4,78.6,112.9,93.2,92.5,93.1,91,92.3,105.1,121.1,123.3,91.8
2015-06,90.3,124.6,146.1,124.7,124.9,95.5,158.8,89.7,83.9,84.9,124.6,111.9,213.7,188,136.1,75.5,105.7,107.7,91.1,90.3,80.5,80.8,96.1,101.7,63.6,59.3,65.8,76.2,102.6,111.8,82.8,179.1,86.7,86.7,85.4,84,81.7,112,94.6,91.4,93,89.8,90.4,105.5,122.7,121.9,91.1
2015-07,93.2,117.6,136.1,123.3,90.4,90.6,130.2,92.2,86.2,92.2,119.3,119,217.3,192.1,131.7,73.9,102.3,108.4,90,94.2,82.7,84,94,99.7,56.4,61.2,72,79.1,101.9,114.5,84.9,198.8,94.5,94.5,85.6,86.2,84.2,115,99.7,93.5,94.3,92.3,92.8,108.7,124.7,120,93.3
2015-08,93.9,117.2,137.8,123.7,94.3,94.4,127.2,92,88.9,94.6,124.3,110.7,212.4,177.6,138,76.3,107.4,116.7,94.2,92.1,81.6,81.1,88.5,100.3,65,61.9,62.6,77.6,94.4,116.9,72.9,172,94.3,94.3,86.8,86,81.5,113.9,99.7,93.4,94.8,91.9,92.3,106.5,121.5,121.4,94.7
2015-09,92.6,116.6,138.3,120.6,80.6,93.3,144.4,91.6,87.2,89.2,131,115.3,207.6,181,128.1,77,114.9,109.8,89.4,84,85.3,80.8,89.1,109.9,57.2,65.4,66.1,78.3,105.1,112.3,86.7,189.1,93.1,93.1,86.6,87.3,83.3,112.1,98.1,93,93.9,91.8,92.4,106.1,121,117.2,93.1
2015-10,93.6,114.9,135,123.4,80.3,94.8,113.3,92.2,89.2,84.3,129.1,120.1,216.9,183,125.5,79.7,110.3,84.3,75.5,90.9,88.5,80.9,93,103.3,59.2,65.7,64.7,81.7,106.3,112.2,82.6,193.8,94.6,94.6,86.8,86.8,81,113.4,98.6,93.5,93.5,92.4,93,106.4,119.6,114.7,93.3
2015-11,93.8,111.2,154,120.5,95.6,89,102.8,92.5,89.6,91.5,136.2,117.9,215,183.8,137.4,78.9,109.4,85.5,80.5,88.2,85.3,84.9,92.5,103.1,60,67,69.2,78.9,96.1,112.3,90.1,192.4,92.5,92.5,87.4,87.8,80.6,114.2,97,93.7,94.1,92.6,93.2,106.6,120.9,113.7,94.1
2015-12,93.1,111.7,171.5,118,87.2,91.4,114.6,91.3,86.5,92.1,148.8,114.5,213.4,173.5,131.4,84.2,115.4,91.6,82.4,83.2,85.3,89.9,93.3,103.8,63.9,70,63.8,80.4,101.4,112.8,92.1,195.1,90.1,90.1,87.7,89.8,82.4,110.4,95.3,92.5,93.6,91.7,92.2,104.6,120.2,114.6,94.4
2016-01,94.1,109.2,164.5,119.1,128.7,68.9,101,91.6,87.8,87.3,147.5,114.8,219.1,180.8,129.4,82.6,111.7,103.4,78.8,86.8,89.1,70.8,90.9,102.9,75.2,65.8,68.8,79.5,84.1,123.5,87.5,171.2,96,96,84.1,87.2,88.4,113.5,100.6,92.6,93,91.5,91.9,108,124.3,118.1,94.9
2016-02,94,111.3,148,117.1,142.5,86.9,103.4,93.5,90.6,93.9,150.5,109.4,229.9,179.8,130.7,84.1,109.5,124.5,85.2,82.2,88,84.3,93.5,107.2,71.9,62.9,67.9,79.1,91.5,127.6,82.7,203.7,87.3,87.3,85,89.2,90.1,115.6,94.3,94.5,95.1,93.3,93.2,110.8,126.9,120.5,94.9
2016-03,95.4,111.6,108.4,114.7,151.6,109,97.9,95.5,91.6,87.6,153.3,113.2,222.5,180.7,125.5,85,99.3,107.8,86.6,81.9,87.6,90.2,95.2,113.4,72.8,66.5,65,84.2,94.2,126.1,82.7,174.5,89.5,89.5,88.5,93,90.2,112.1,94.9,96.4,96.8,95.7,96.1,109.6,123.6,112.8,95.9
2016-04,97.8,107.5,91.3,108.9,127,104,95.5,98.5,102.5,95.2,166.7,113.4,237.5,189,125.7,88.4,111,124.5,96,88.8,88.2,86.4,99.2,114.5,69.8,67.3,71.7,86.4,94.8,124.1,91.4,187.3,89.6,89.6,89.6,92.8,89.4,128.5,94.5,98.9,97.9,98.4,97.8,114.9,126.5,112.4,96.5
2016-05,90.4,102.6,116.5,105.8,124.5,90.3,94.2,90.2,89.6,85.2,98.5,107.1,209.6,176.1,124.5,82.2,102.7,115.5,89.7,81.4,82.6,79.3,94.7,102.5,68.1,69.2,64.3,81,83.8,122.9,82.2,168,90.5,90.5,85.1,85.4,89.5,110.7,94.4,90.9,91.7,90.1,90.5,105.6,120.5,108.7,91
2016-06,93.3,100.8,125,102,98.6,97.1,88.5,93.7,97.1,88.5,79.2,110.7,213.2,181.6,129.5,82,105.9,103.7,87.4,81.6,83.9,81.4,94.5,101.8,71.9,67.5,71.2,83.9,87.1,124.9,85.1,180.5,94,94,86,88.3,90.2,116.2,95.9,94,93.9,93.3,93,111,123.2,103.2,93.2
2016-07,94.8,102.9,133.7,105.1,78.4,94.5,102.4,95.1,98.1,96.1,101.3,116.1,213.8,180.3,133.9,89.4,103.7,115.7,93.3,78.9,85.1,82,95.5,97.6,69.7,68.9,60,85.3,92.5,126.9,87.6,180.3,92,92,88.5,86.6,91.8,117.8,95.2,95.4,94.8,94.6,94.3,112.2,123,108,93.7
2016-08,97.1,104.2,115.8,107.3,79.4,99.8,96.4,97.1,93.7,90.4,104.2,113.8,209.8,192.7,133.9,83.9,114,103.8,86.8,88.2,86.1,84.8,89.9,102,74.3,72.5,72.7,88.7,82,125.9,83.7,187.3,93.9,93.9,89.4,94.8,92,115,96,97.5,98.3,97.2,97.8,110.3,124.8,105.8,97.4
2016-09,95,106.6,129.1,103.7,98.9,106.3,117.8,95.2,91.4,94.8,114.3,115.5,211.7,185.8,135.6,87.7,115,82.7,88.5,85,81.4,83.1,92.9,101.9,76.9,74.1,65.6,90.5,86.5,126.1,90.8,172.2,91.7,91.7,89.9,90.2,91.7,114.9,92.9,95.8,96.1,95.6,96,110.1,124,98.6,94.6
2016-10,96.4,104.7,131.8,106.2,102.6,95,112.3,96,92.8,94.2,136.1,114.9,203.7,183.2,132.1,89.5,114.8,114.5,95,80.2,84.8,78.3,98.2,104.8,70.7,72.3,68.7,88.8,89.8,127.2,84.2,185.8,95.2,95.2,89.8,93,93.2,114,97.7,96.4,97.6,95.8,96.4,109.2,122.9,108,97.2
2016-11,97.3,108,137.8,110.8,105.4,95.8,111.2,96.2,94.5,86.5,94.3,119.6,201.1,186.8,131.4,87.8,116.6,124.5,96.4,87.1,88.6,76.9,106.7,103.7,71.7,68.9,70.6,91.3,84.9,126,81.5,168.5,98.1,98.1,91.5,91.4,92.9,114.4,101.4,97,97.3,96.2,96.8,109.7,123.8,113.7,97.6
2016-12,97.2,107.7,157.5,115.4,116.7,85,108.3,94.7,92.8,94.4,86,117.4,207.1,182.6,127.8,88.8,106.2,114.1,90.8,84.7,88.2,76.5,104.4,102.5,73.3,68.8,65.9,89.6,82.2,120.8,78.1,192,98.6,98.6,89.6,90.4,88.8,113,102.5,95.5,94.6,94.5,95,108.5,118.8,117.1,96.6
2017-01,99.2,107.4,160,117,90.1,91.9,83.3,96.7,90.9,95.5,110.6,118.6,198,176.5,122.5,92.9,112.5,99.1,82,87.1,90.4,70.9,105.1,105,80.3,68.3,73,95.5,82.4,120.1,87.5,186.3,101.9,101.9,87.3,98.3,89.5,112.8,104.7,97.4,97.8,96.7,97.3,107.7,121,115.4,100
2017-02,100.1,111,154.8,114.8,93.5,93.8,120,99.2,96.9,91.1,113.5,123,199.6,187.4,122.6,85.6,132.6,96.7,89,89.8,91.5,80.5,106.2,103.7,81.8,75.2,76.3,97.8,82.8,124.7,93.4,183.1,97.8,97.8,91.6,97.9,94.5,117.8,101.2,99.9,100.3,99.5,99.8,112.6,126.5,112.8,100.4
2017-03,101.7,106.7,134.6,111.1,86.3,93.1,103.4,102,98.7,102.1,109,117.9,205.3,185.2,130,87.2,135,96.6,95.9,92.7,93.9,85.1,102.4,119.8,79.3,72.8,73.5,100.2,89.8,121.5,93.7,237.2,96.3,96.3,92.3,101.7,94,122.7,99.3,102.4,102.4,102.2,102.4,114.9,127.6,108.6,101.4
2017-04,103,117.9,117.6,119.3,70.6,106.4,127,102.6,97.6,99.3,106.4,117.6,198,189.9,126.9,88,133,121.8,95.6,105,91,85.2,102.1,104.8,88.3,74.2,73.9,99.3,95,125.3,92.7,199,98.8,98.8,93,103.7,94,120.7,103.3,103.5,104,102.6,103.3,113.5,128.1,120.3,103.4
2017-05,104.3,123.3,167.6,114.8,74.3,113.6,160.5,105,97.1,97.2,125,137.9,204.3,191.4,132.5,97.6,132.3,92.7,93,98.9,93.5,88.1,107.5,111.6,92.9,78.9,105.2,102.6,96,125.1,97,175,95.3,95.3,97.3,107,97.4,122.1,98.8,106,106.9,105.7,107,116.6,132,112,104.9
2017-06,102.3,120.2,158.1,114.7,107.8,104.2,155.9,103.2,92.5,98.8,120.3,118.2,187.4,176.6,114.5,92.5,136.8,111.5,93.7,90,89.4,85.3,108.9,120.6,87.5,75,105.1,98.6,92.5,115.9,97.1,177,95.7,95.7,93.2,106,90.3,116.3,99.9,104,105.2,103.2,104.3,110.9,123.8,115.4,102.4
2017-07,102.1,116.6,152.9,113.5,117.4,103.5,142.1,102.9,93.3,99.8,119.9,125.1,191.3,180.1,121,92.7,142.4,111.5,94.6,101.1,92.2,85.9,109.1,108.2,88,73.9,101.9,97.3,85.1,117,93.6,206.4,93.9,93.9,94.6,106,88.4,118.1,98.1,103.6,105.4,102.9,104.1,111.5,125.7,113.9,103.5
2017-08,104.4,122.3,145.2,116.2,116.1,99.9,179.6,105.1,98.5,100.6,123.5,124.2,182.2,176.7,122.5,100,136.4,118,94.4,92,91.7,84.9,101.4,114.4,94.8,79.5,97.5,102.5,80,123,88.4,160.6,94,94,96,109.9,95.4,117.8,98.7,106.1,107.2,105.6,106.6,113.3,124.7,116.3,105.2
2017-09,103.9,120.5,145.5,117.3,94.2,96.6,172.7,104.5,98.6,90.3,112.8,120.8,194.2,182.6,122.9,94.3,130.1,112.4,100.5,96,93.2,86.8,106.8,110.2,88.7,78.4,105.3,100.4,86.9,120.6,95.5,179.8,95.1,95.1,96.4,106.8,93.3,118.3,99.6,105.3,106.3,104.7,106.1,113.1,125.2,115.7,103.9
2017-10,105,121.1,136.1,118.7,111.1,101.2,163.7,105.6,100,99.3,105.3,118.4,183.3,176.4,128.2,102.3,124.6,124,101.2,103.6,94.4,87.8,108,120.3,89.9,80.8,107,101.2,92.1,123.4,94.1,174,94.7,94.7,98.5,109.2,94.8,118,99.9,106.5,108.4,105.7,106.8,112.7,125.3,119.5,105.7
2017-11,105.9,117.3,144.2,117.8,102.6,98.7,144.3,106.8,99.4,98.5,112.3,126,185,176.4,134.8,103.8,135.8,129.4,102.2,108.1,93.7,88.7,95.6,112.5,88.8,82.4,109.6,103.8,97.8,131.7,95.8,160.5,96.2,96.2,99.9,108.9,97.1,119.7,101.2,107.5,108.7,106.8,108.1,115.1,128.7,120.2,107.1
2017-12,110.8,122.2,143,116.1,98.2,141.9,144.9,110.6,100.3,99.9,112.9,122.9,179.1,182.5,142.3,104.8,136.2,116.2,104.5,97.8,95.8,90.1,109.4,129.5,86.8,82,101.2,112.8,103.8,131.5,94.1,162.1,98.5,98.5,103.5,118.4,100.6,117.9,102.4,111.4,112.3,111,113.7,114.4,126.3,117.8,111.7
2018-01,107.3,113.2,158.3,111,95.8,104,142.4,108.9,99.6,108.6,120,124.8,186.9,182.5,128.5,98.4,126.6,117,99.1,108.1,97.2,88.7,106.9,111.7,92.1,82.5,111.1,109.6,95.9,129.8,94.1,154.8,93.2,93.2,98.6,115.4,96.3,120.7,97.5,109.2,109.8,109.2,110.1,115.5,127.3,114.4,107.9
2018-02,106,117,134.3,115,97.2,99.6,156.1,106.1,99.3,104.5,103.4,128.7,179.6,176.8,116.3,92.5,121.6,118.2,95.6,102.8,97.4,89.2,101.9,112.5,90.1,82.4,110.8,108.4,93.2,124.3,97.8,128.3,98.9,98.9,96.5,111.8,94.4,118.3,102.7,106.8,107.3,106.5,107.1,113,123.9,116.7,106.5
2018-03,108.2,115.2,148.7,115.4,107.3,94.6,143.2,108.4,101.7,110.3,108,130.5,186.7,180.2,122.1,93.7,125.5,122.7,95.6,105,96.8,83.8,104.2,103.1,89.6,90.1,115.3,111.1,92.5,120.6,86.9,137.6,102.4,102.4,98.1,112.4,95.6,120.1,106,108.9,108.8,108.4,109.1,116.1,125,117.4,108
2018-04,102.1,113.2,141.7,113.8,106.6,85.2,142.5,102.5,91.4,96.7,112.5,122.8,163.5,164.4,114.5,85.8,112.7,96.4,91.2,101.6,91.1,88.2,104.3,102,85.1,89.6,111.1,113.8,88.7,117.1,91.7,127.9,94.3,94.3,93.6,112.4,91.7,112.3,97.9,103,105.4,102.7,104.1,103.2,117.5,111.5,103.7
2018-05,105.3,118.9,118.1,115.1,98.6,96.9,161.5,106.9,99.7,103.3,101.4,122.9,175.7,178.6,114.8,97.5,121.6,99,97.3,106.5,92.1,97.4,105,110.1,88.8,87.7,110.5,115,90.2,118.9,90.7,164,92.3,92.3,99.3,112.5,91.1,118.3,96.6,107.6,108.3,107.3,108.5,112.1,121.3,112.4,105.8
2018-06,110.2,126.7,125.2,115.9,104.6,103.1,207.3,112.5,97.9,103,102.9,134.4,177.5,174.2,142.1,105.7,134.5,121.8,102.5,119.6,102,95.8,110.7,114,94.2,93.3,105.3,119.1,78.3,122.8,94.9,150.3,95.1,95.1,106.2,115.4,97.2,120.9,100,113.3,114.8,112.6,114.5,115.7,128.2,117.9,111.3
2018-07,107.1,121.1,122.8,117.2,107.3,100.4,167.3,108.6,97.2,92,101.1,133.3,172,167.4,135.7,101.6,124.2,115.5,103.4,102.8,95.3,92.2,104.7,116.5,90.7,90.1,112.3,115.9,94.7,119.3,90.8,129.3,96.1,96.1,101.3,115.5,94.8,114.5,100.5,109.1,111.8,108.6,110.4,110,123.1,116.9,108.7
2018-08,108.2,118.5,126.5,115.5,101.5,110,143.5,109.4,100.1,96.6,94.2,119.1,167.6,170.5,137,100.2,119.7,120.1,99.6,103.6,95,95.1,102.4,108.2,92.4,93.5,105.1,112.7,98,122.3,87.9,141.2,98.3,98.3,102.3,114.7,93,114.9,101.9,110,111.3,109.7,111.5,110.5,119,115.9,108.7
2018-09,106.9,115.4,127.9,114.5,108.8,102,143.2,108.3,98.3,105.3,91.4,112.9,166.6,156.5,124.6,108,115.4,110.2,95.3,99.1,95.4,93.9,101.4,110.2,90,91.9,112.5,114.1,93.9,111.8,94.9,156,95.3,95.3,101,115.6,91.4,113.6,99,108.6,109.9,108.2,109.8,108.6,116.1,112.7,107.5
2018-10,106.4,117.1,139.9,113.3,90.3,99.8,157.1,107.4,98.7,99.3,91.8,116.1,164.3,160.3,121.4,95.3,117.5,115.5,98.4,100.4,98.1,94,105.9,110.7,94,94.3,113.1,115.4,86.5,121,93.5,146.2,96.5,96.5,102.5,113.2,95.1,112.8,100,107.8,110.3,107.5,108.9,109.3,119.1,113.8,107.7
2018-11,108.6,116.8,134.1,112.2,89.7,97.2,169.1,109.9,99.1,105.8,96.9,115.1,162.8,172.6,124.3,107.6,128.2,96.1,89.3,93.1,96.6,92.4,106.3,122.9,94.3,97,112.2,118.8,108.2,117.9,101.1,135.3,96.7,96.7,103.6,118.7,92.9,114.4,99.5,110.5,111.7,110.4,112.3,109.8,118,109,109.6
2018-12,107.5,111.3,141.9,112.3,62.8,96.5,136.4,107.2,96.8,100.7,107.9,112.9,158.4,165.5,122.7,109.7,115.3,112.7,98.9,105.7,98.5,91.4,110.2,122.2,92.5,88,106.3,114.5,92.9,110.9,88.5,146.2,99.6,99.6,102.6,116.5,89.4,111.2,102.5,107.3,110.2,107.1,109.5,106.3,116.3,114,109.9
2019-01,107.4,114.4,112.8,114.3,109.1,111.1,132.7,108.1,101,103,108.9,108.1,155.9,150.3,127.7,100.7,118.7,119.9,103.3,101,97.9,98.6,109.2,100,89.8,88.8,105.1,119.5,91.2,112.4,91.9,130.1,96.6,96.6,102.2,115.6,90,112.5,100.7,108.6,109.1,108.4,109.2,107.7,113.8,116.5,108
2019-02,108.1,115.3,128.8,113.4,99.3,111.6,138.2,109.3,99,100.8,109,116.2,160.3,155.1,130.9,111,113.8,120.9,97.5,106.7,99.3,99,107.6,111.7,92.4,87.4,112.1,119.7,97,108.5,97.3,137.9,96.1,96.1,102.4,117.7,89.2,113.6,100.4,109.8,110.7,109.6,110.6,108.3,116.1,115.9,108.7
2019-03,107.3,117.2,144.1,111.7,93.8,116.7,144.9,108.5,97,101.7,102.9,118.7,160.7,157.9,122.7,102.3,111.8,98.5,101,96.3,98.9,99.8,106.1,102.3,95.3,93.5,114.1,119.6,101.5,106.4,101.8,156.8,94,94,103.1,116,83.9,113.9,97.7,109,109.9,109.1,110.7,105.3,111.9,109.8,107.7
2019-04,104.2,121.6,152.2,112,87.9,117.7,162.1,105.3,100,94.3,97.5,118.5,152.7,147.2,125.9,100.8,123.3,117.1,95.5,115.1,97.7,95.7,103.4,99.2,91.5,91.8,93,116.9,95.5,108.9,98,161.5,92.1,92.1,101.9,111.3,88.1,112.5,96.7,106.1,107.9,105.8,106.7,106.1,115.5,114.3,105.3
2019-05,105.7,116.3,150,112.8,90.2,103.9,138.9,106.7,102.1,100.3,89.8,121.8,148.1,150.3,113.4,93.6,130.9,134.3,95.3,96.9,97.6,91.3,100.5,100.9,88.6,93.3,109.1,121,99.2,109.2,105.6,163.1,97.3,97.3,99.3,111.9,88.3,113.9,101.8,107.2,107.3,106.7,107.6,107.9,112.5,119.1,105.2
2019-06,103.2,116.6,112.7,112.5,101,94,169.7,104.2,99.1,101.8,89.8,103.6,151.6,151.5,104.5,88.5,118.8,115.9,86.9,88.7,102,93.6,103.9,96.7,85.4,92.7,105.9,106.9,104.8,112.9,94.4,138.5,97.4,97.4,97.9,106.6,90,111.6,100.7,104.8,105.8,104,104.7,106.8,112.8,113.6,103.6
2019-07,101.5,111.9,116.2,111.4,114.5,101.1,122.6,103.3,99.3,98.3,93,108.8,147.6,140.5,106.6,98.7,117.8,119.2,94.1,107.6,92.6,95.9,102.3,94.4,85.6,90.3,104.6,109.5,97.3,116.6,111.5,150.7,90.2,90.2,97.2,107.3,89.7,111.3,95.1,103.6,105.1,103.2,103.4,106.7,113.3,113.1,102.4
2019-08,103.2,108.2,109.1,110.9,93.2,103.6,108.9,105.2,97.6,99.3,104.5,98.8,148.3,140.5,104,94.5,116.4,116,100,87.4,95.2,96.7,96.7,95.4,100.2,91.3,101.7,111.2,95.6,113.1,90.6,123.2,89.9,89.9,97.9,109.7,94.1,108.5,94.4,105.4,106,105.1,106.3,105.5,109.9,111.1,103.3
2019-09,103.3,114.5,122.4,111.9,100,107,136.7,104.6,101.3,101.7,99.7,106.7,149.1,136.7,109,91.6,120.4,118.6,94.4,93.2,94.8,97.2,93.4,95.1,93.6,89.6,109.8,109,113.5,116.2,97.9,137.8,90.9,90.9,96.9,112.2,96.3,110.8,95.7,105.2,107,104.6,105.4,107.2,114.1,112.5,104
2019-10,102,112.6,116.2,106.3,112.2,108.2,140,103.7,101.8,99.4,94.4,97.1,148.5,137.1,106.8,93.4,124.9,124.4,95.8,108.9,90.2,96.8,97.3,94.3,89.2,88.3,108.2,113.1,106.1,111.9,98.8,130.9,87.9,87.9,96.7,108.7,92.3,111.5,92.5,104.1,104.8,103.8,104.4,107.7,113.2,109.7,101.8
2019-11,102.8,110.4,106.6,110.2,130.4,106.4,117.5,104.7,98.4,103,103.5,101,147.1,127.2,107.9,92.8,117.8,131,91.1,99.9,94.8,95,97.2,95.7,100.3,90.4,107.3,113,100.4,115.1,98.5,156.8,87.7,87.7,98.3,110.8,94.5,108,93.3,105.1,105.9,104.7,106,105.4,110.8,113.7,102.8
2019-12,101.7,108.4,117.5,111,98.3,109.9,104.9,102.3,100.7,106.3,122.5,98.3,146,116,103,91,113.4,109.2,80.4,106.6,90.8,104.7,94.6,93.7,81.9,92.4,109.5,112.3,107.3,108.5,97.2,153.2,90.3,90.3,94.5,112.2,89.8,109,94.6,102.5,103.8,102.2,103.1,104.8,108.8,111.6,102.4
2020-01,105.2,111.9,108.3,110.4,105.5,113.1,134.5,106.8,101.1,107.8,120.4,109.5,129.2,135.1,100.6,95.9,110.9,122.9,110.4,117.3,102.1,109.7,98.9,98.1,91.8,100.8,100.4,115.6,101.5,103.2,104.1,108.9,91.5,91.5,104.3,111.4,89.6,110,95.9,107.1,107.2,107.1,107.3,105.6,109.2,113.8,105.4
2020-02,105.7,115.2,106.3,107.8,103.6,98.9,181.6,107.2,102.3,109.3,107.8,100.8,126.4,116,105.8,98.5,108.6,114.4,115.5,115.6,98.7,104.1,93.6,100.2,93.2,99.2,103.1,118.6,114.4,108.9,98.2,99.8,89.3,89.3,101.9,113.7,95.9,107.6,93.7,108,107.4,107.8,107.9,106.2,108.6,109.9,105.6
2020-03,91.7,108.1,78.9,107.7,89.5,108,120.2,90.6,100.8,97.8,113.4,86.5,98.7,93.4,85.2,97.8,102.7,96.4,99.2,99.3,88.3,96.3,94.8,92.1,94.7,85.6,93.7,83.8,89.7,75.6,90.3,108.5,90.4,90.4,90.8,91.2,75.2,99.3,93.6,91.6,91.2,91.1,89.8,91.9,89.5,104.5,91.3
2020-04,63.9,99.2,38.2,103.7,73.4,96.6,87.1,58.1,85.3,70.4,107.8,52.9,80.9,43.9,83,79.8,84.7,73.8,64.1,102.8,49.3,74.5,72.9,70.7,79.7,53.2,52.1,26.3,48.8,31.9,53.5,89.8,87.1,87.1,67.4,40.9,36.8,79.4,88.9,60.2,57.3,58.6,55.1,69.8,62.2,96.7,61.9
2020-05,77,95.6,43.9,93.4,77.9,101.8,102.5,74.4,91.9,85.2,89,73,116.7,87.8,90.6,83.5,91.3,91.7,95.6,93.3,65.9,89.2,81.3,77.8,77.6,63.8,58.2,53.7,71.7,60.1,78.2,94.6,86.4,86.4,80.3,61,55.1,93.1,87.4,75.6,73.4,74.8,73,84.1,80,92.5,75.2
2020-06,89.7,95.5,80.7,92.8,77.5,101.9,94.3,90.9,97.8,97.8,73.9,99.1,118.5,105,106.3,86.6,92.8,103.9,104.6,116.4,90.2,93.2,80.9,86.3,87.5,82.5,83,78.1,88.8,100.1,101.3,91.7,86,86,90.2,81.7,91.3,103.8,87.7,91.1,90,90.6,89.5,101.1,103.3,95.3,88.6
2020-07,94.8,100.2,79.5,92.6,80.1,112.9,108.7,96.2,101.1,100,87.3,115,115.1,106.9,110.4,86.3,95.5,91.5,102.7,93,93.8,97.7,82.6,91.7,92.2,92.2,85.1,93.9,83.1,113,100.7,103.6,88.5,88.5,95.9,88.6,107,104.2,89,96.3,95.4,96.4,95.4,105,107,92,93.6
2020-08,99.1,96.9,95.2,94.5,83.5,101.2,107.2,100.8,96.3,97.2,98,115,113.1,108.4,103.5,89.4,93.8,107.1,107.8,114,96.8,98.7,86.9,86.3,94.9,95.8,86.9,106.4,108.1,106.2,104,98.5,91.2,91.2,96.8,101.5,102.8,103.3,92.3,100.7,102.2,100.9,101.6,102.8,109,96.6,100.4
2020-09,101.2,104,91.2,101.9,103,111.6,98.4,102.7,99.9,100.9,97.9,106.6,104.3,99.6,108,88.5,99.3,105.6,104.9,113.6,94.9,97.5,88.6,97.3,89.1,97.3,99.7,115.1,89.8,107,102.1,97.2,91.2,91.2,96.3,109.3,104.5,102.9,93.2,102.8,103.5,102.6,103.1,103.3,106.2,101.4,101.1
2020-10,103.3,102.8,91.6,104.6,94.7,103.8,92.2,105.4,94.1,114.4,102.1,111.8,109.1,99.8,105.7,93.3,94.3,110.8,103.3,112.6,100.9,98.8,93.8,100.9,98.1,102,99.8,120.7,99,106.3,112.4,101.2,89.3,89.3,99.4,110.5,108.8,102.5,92.4,105.1,105.8,105,106.6,104.3,108.8,104.8,102.8
2020-11,102,99.5,84.2,104.1,91.1,97.9,89,103.4,95,100.2,104.1,100.6,105,94.7,102.3,86.8,103.3,107.1,111.9,105.7,99.2,97.2,96.7,89.7,93.7,104.6,96.2,120.2,92.8,100.3,102.6,108,92.8,92.8,99.4,110,105.6,98.7,95.3,103.4,104.6,103.1,104.9,100.4,106,103.7,102.9
2020-12,102,103.9,87.8,102.8,117.5,95.1,123.1,102.5,96,104.3,80.8,97.7,107.7,100.5,105.7,96.5,108.2,112.5,108.4,92.8,105,95.2,102.1,93.4,94.2,109.7,102.2,115.6,74.2,107.7,95.8,134.2,93.6,93.6,100.9,108.2,116.1,99.4,96.1,102.5,104.4,102.6,104.2,103,110.3,105.2,103.8
2021-01,101.6,98.4,88.8,102,93.8,76.7,141.9,102.5,99.7,105.1,89.7,92.7,99.2,96.7,99.4,101.4,93.5,102.2,112.9,97.5,94.6,98.7,99.4,100.1,101.1,110.1,108.1,113.8,93.9,119.2,102.4,86.8,93.9,93.9,98.8,107.8,117.5,98.8,95.5,102.4,102.1,102.5,102.5,103,105.4,101.8,101.6
2021-02,100.6,99.2,92.1,101.3,91.6,94.4,121.6,100.7,100,103.2,95.4,100.9,92.7,96.6,101.7,97.9,95.4,106.1,110.4,93.6,99.5,99.9,101.3,96.4,99.6,102.8,97.3,113.1,81.2,107.6,94.9,90.8,97.7,97.7,100,103.7,105.8,97.2,98.8,100.7,100.3,100.7,100.4,99.2,99.3,102.1,100.3
2021-03,101,100.1,92.8,102.6,96.5,95.3,108.7,100.7,100.5,94.3,92.5,96.9,88.3,97.4,101.8,100.5,94.6,115.1,109.5,87.8,98.8,96.6,99.8,99.5,104.5,105.4,103,115,110.4,105,96.9,85.3,102.3,102.3,99.6,106.8,105.6,96.1,102.9,100.7,101.7,100.6,100.6,97.8,98.4,104.3,102
2021-04,105.2,110.7,133.6,104.6,110.6,114,128.4,105.1,102.1,102.2,110.8,100.6,99.3,104.5,106.9,103.2,112.4,120.9,107.1,105,106.3,105.3,96.5,105.4,105.8,106,102,117.7,106,99.2,104.3,105.7,103.5,103.5,104.9,108.3,104.6,102.9,104.8,105.4,105.5,105.3,105.5,101.6,102.9,109.3,104.8
2021-05,97,103,109.3,102.7,116.5,106.8,83,96.1,96.3,97.4,99.8,95,96.1,96.6,100.6,94.4,90.6,115.6,105.7,89.6,89.8,95.1,96.9,99.9,98.9,100.3,95.8,96.5,90.9,90.4,94.1,98.9,101.1,101.1,96.4,96.6,94.4,95.5,102.2,96.5,97.3,96,96.3,94.6,94.9,106.2,97.6
2021-06,100.8,103.2,99.7,101.5,129.2,104.8,83.1,101.2,102.2,97.4,107.7,113.3,98.9,94.9,103.8,99.7,90.3,110.5,102,111.7,96.3,99.2,103,102.3,98.1,99,99.2,100.1,105.6,93.9,92.6,110.2,103.6,103.6,99.3,101.5,95.9,101.4,103.4,101.2,101.4,100.7,100.5,100.7,99.8,103.7,101
2021-07,100.1,97.9,104.3,98.8,87.1,97.8,81.6,100.4,102.4,101.6,103.3,96.2,105.1,102.8,102.9,101.5,98.9,84.3,94.8,97,102.1,99,101.6,99,103.5,95.6,96.6,96.9,107.5,97.6,101.2,90.9,102.2,102.2,100.2,96.4,96,102.2,100.6,100.1,99,100.3,99.7,101,98.5,96.1,99
2021-08,101.3,96.1,106.2,96.8,113.5,97.3,79.6,102.1,102.1,106.9,102.9,96,103.7,101.3,104.5,98.4,98.7,80.2,90.6,122.5,99.4,98.5,98.6,102.4,103.3,98.4,95.3,95.4,110.1,102.4,100.6,111.1,99.3,99.3,98.3,101.7,103.3,103.4,97.8,101.9,102.3,102.5,102,103.1,103.6,93.2,101.7
2021-09,97.7,96.9,100.2,98.4,106.7,96.2,78.3,97.9,101.6,100.9,104.3,108.1,104.7,101.9,98.2,101.9,97.5,80.2,93.2,110.9,105.4,99.5,102.5,100.4,98.6,95.9,93.8,77.7,98.6,97.9,106.5,110.3,98,98,100.5,91.6,98.8,102.9,97,97.8,97.7,98,97.6,102.2,103,94,97.2
2021-10,98.1,98.8,96,98.9,97.3,103.2,79.4,96.9,101.2,95.1,101.3,101.8,107.9,107.9,95.7,102.7,101,98.8,92.7,99.6,98.3,99.8,101.9,99.1,96.7,97.5,106.4,74.1,97.4,96.7,106.3,94.6,103.4,103.4,99,88.7,96.1,101.9,102.1,96.9,96.6,96.7,96.8,100.9,101.6,98.5,96.8
2021-11,101.6,100.7,92.8,97.2,88.3,102.7,114.1,102.1,102.1,97.2,103,109.9,105.2,104.6,98.6,103.4,105.2,88.4,98.4,93.2,103.3,105.4,100.8,102.4,96.4,105.2,95.1,103.5,96.5,98.6,108.1,104,98.4,98.4,104,103.8,99.1,102.4,97.7,102.1,103.2,102.4,103.1,101.7,103.8,95,102.7
2021-12,104,96.3,93.4,96,65,105.9,102.4,104.7,100.5,107.2,86.8,103.8,108.4,104.5,93.1,102,125.3,100.7,96,107.9,113.6,119.4,104.1,101.9,99.2,102.2,115.7,106.8,113.6,99.7,104.6,106.3,100.2,100.2,106.5,107.3,97,104.1,99.4,104.1,105,104.7,105.9,103.3,106.1,97.1,104.4
2022-01,104.6,97.4,93.4,96.2,114.8,110,107.8,106.1,103.6,99.3,104.9,108.1,106.9,114.7,100.6,111.2,127.6,112.7,96.4,107.7,104,117.3,108.9,111.4,104.2,108.2,111,105.5,111,94.8,112.7,107.8,96.1,96.1,105.2,108.5,99.9,107.1,96.9,105.6,105.4,106.1,106.2,105.9,107.8,100.1,104.7
2022-02,103.5,97,90.2,95.7,96.5,111.6,100.2,105.7,103.7,103.1,103.4,103.7,109.8,115.7,99.5,103.8,124.6,103.4,92,96,103.5,117.7,105.3,107.5,100.4,108.7,115.5,106.3,109.2,97,120.3,106.7,92.6,92.6,104.2,108.2,102.4,106.9,93.8,105.3,105,105.8,105.7,106,108,97.3,103.3
2022-03,102.2,95.3,92.4,96.5,95.7,102.2,84.5,103.9,103,104.3,96.1,102.1,107.9,124.4,92.1,103.6,134.3,85.3,81.6,98.8,106.1,108.1,103.8,107.5,101.4,110,107.9,103.9,114,108.6,115.2,126.4,94.3,94.3,100.8,105.5,108.6,108.5,94.3,103.4,103.2,104,104,107.2,111.1,93.9,102.1
2022-04,103.2,97.8,122.7,97.2,116.4,98,93.2,105.1,106.3,100.7,95,114.3,112.3,133.6,97.8,105.8,168.5,95.5,81.5,98.6,101.9,102.9,97.1,102.5,100.4,101.7,108.1,104.4,121.9,107.2,110.1,121.9,93,93,99.3,106.7,105,111.9,94,104.6,104.1,104.9,104.9,110.1,115.1,97.8,102.4
2022-05,103.2,96.8,112.4,97.8,109.3,91.5,85.7,104.5,105.2,108.3,114.2,105.2,108.7,135.5,92.7,107.7,105,128.1,87.5,109.1,102.6,101.3,96.1,102.4,110.1,105.3,120.1,104.9,103.4,108.5,116.7,111.4,97.9,97.9,99.4,107.1,103.4,109,99.7,104.1,104.2,104,103.9,107.2,109.1,105.4,103.1
2022-06,100.7,101.1,113.4,99.7,108.2,105.5,69.9,102.6,102.6,102.1,110.2,97.4,105.6,122.4,92,106.3,103.5,121.1,86.8,107.2,102.6,97.8,82.5,103.7,106.7,95.3,102,105.4,108.5,107.4,116.7,118.9,94.5,94.5,97,105.1,97.9,105.5,97,102.4,102.2,101.9,101.7,104,104.9,105.6,100.5
2022-07,102.9,103.9,113.5,105.4,120.2,107.6,71.7,104.2,103.2,106,105.7,93.2,102.9,123.8,83.7,99.5,115.4,119.8,80,134.3,99.9,94.1,79.1,114.9,102.9,96.2,102.2,108.1,120.2,101.5,106.6,123.3,96.6,96.6,93.7,111.8,98.9,107.4,99.7,104.2,103.7,103.8,103.6,105.6,106.3,109.3,102.1
2022-08,101.7,98.4,105.1,101.6,79.3,104.2,72.1,103.7,106,99.9,83.3,103.5,100.5,115.9,84.8,103.1,106.8,111.3,69.8,106.7,98,93.9,81.7,104.9,108,91.8,120.6,107.3,107.8,99.9,113.7,125.6,92.2,92.2,92,114.8,92.6,104.7,95.3,103.4,103.3,103.3,103.1,102.5,100.5,103.6,101.4
2022-09,100.1,99,97.2,104.2,69.3,101.2,72.6,101.4,103,97.5,99.3,101.6,106.9,128.4,77.3,103.1,111.2,120.5,70,115.5,100,93.9,83.2,100.3,100.2,95.3,108.4,108.2,108.6,99.1,115.8,114.7,93.3,93.3,93.8,107.8,92.6,105.7,96.8,101.2,101.2,100.9,101,103,105,106.7,99.2
2022-10,99.8,100.6,100.8,102.7,93.7,101.2,81.4,101.2,103.8,92.6,96.1,99.4,99.6,124.2,83.6,98.7,107.8,111.8,68.5,112.2,99,95.5,79.5,97,111.3,96.4,104.3,106.8,101.4,101.7,116.3,135.6,87.6,87.6,93.5,110.9,95.9,103.5,91.9,100.9,102.1,100.6,101.3,101.8,104.2,104.4,99.8
2022-11,100.1,104.1,97,102.3,108.2,107.1,97.9,102.2,104,107.8,94.1,99.5,100.9,123.1,76.7,102.5,107.4,123.5,77,116.7,98.7,97.3,77.2,103.2,108.1,93,107.3,111.6,95.9,102.3,117,126.4,85.8,85.8,96,110.6,94.7,105.3,90.9,102.5,102.2,102.2,102.4,103.2,103.9,106.1,99.6
2022-12,98.3,100.5,98.5,101.2,109,109.6,91.4,99.7,104,94.4,105.6,82.8,99.9,117.3,76.6,98.4,98.4,111.4,75.9,110,90.1,94,70.6,93.1,113.3,100.8,95.9,113.1,116.9,99.5,124.2,121.7,85.4,85.4,90.8,110.1,97.8,102,89.5,99.8,98.7,99.6,100.2,101.9,101.5,103.7,97.1
2023-01,99.7,98.2,82,100.1,113.4,118.3,82.2,102,105.5,102.9,101.4,89.8,101.7,118.4,74.4,102.5,104.5,107.7,76.8,107.4,95.2,102.8,66.9,103.9,118.4,92.1,109.8,117.2,101,98.5,109.4,136.9,85.7,85.7,91.2,116.8,91.9,104,89.1,101.9,100.9,102.1,101.2,101.7,100.6,101.1,98.9
2023-02,100.6,96.4,83,99.3,101.4,104.3,88.2,103.2,105.8,106.8,107.2,96,102.5,117.5,73.2,101.6,104.9,109.6,73.7,118.8,95.2,90.6,69.8,102.8,119.5,95.5,133.3,117.4,110.2,93.5,114.6,131.8,86.3,86.3,90.3,120,89.3,105.9,89.7,103,102,103.2,102.3,102.4,101.4,100.6,99.8
2023-03,100,98.2,89.2,100.6,98.3,100.3,95.4,102.8,106,105.1,108.4,96.5,104,119,75.4,101.6,103.8,120.2,73.8,123.6,96.5,93.4,75.1,106,110.3,98.1,143.3,116.7,106,90.9,113.9,124.8,83.2,83.2,91.1,117.2,88.1,107.3,88.3,102.6,101.9,102.6,102,102.1,100.9,103.9,98.9
2023-04,98.2,96.7,112.1,100.6,98.5,97.1,83,98.9,103.9,105.4,91.5,91.5,97.3,108.6,71.7,99,98.4,109.6,69.5,87.7,95.6,81.7,87.2,100.5,123.8,93.2,117.8,112.4,106.1,90.9,100.6,115.6,92.3,92.3,87.8,114.6,87.9,99.9,94.6,98.7,97.9,98.4,97.8,96.9,93.8,102.6,97.4
2023-05,101.4,100.9,96.9,99.6,81.6,110.2,85.8,103.3,107.7,100.2,97.1,99.6,102.7,115.9,79.1,107.4,99.5,86.1,73.9,102,104.3,93,79.2,103.5,124.1,96.5,123.8,115.9,111.4,90.2,120.6,131.7,88.8,88.8,94,117.1,89.1,105.6,90.6,103.3,102.7,103.6,103.5,102,100.2,96.7,100.6
2023-06,98.2,100.7,87.1,101.5,60.2,104.5,87.7,100.4,107.2,97.7,99.5,87.4,97.9,112.2,70.5,103.9,99,98.1,72.8,101.2,96.2,90.5,86.7,96,116.9,94.3,125.4,109.5,107.4,88.8,117.7,129,88,88,89.7,111,88.8,103.3,90.8,100.3,99.6,100,99.2,100.6,98,100.1,96.8
2023-07,99,97,84.3,100,95.7,96.1,89.2,101.2,107.4,100.3,107.2,78.3,93.9,105,69.8,104.1,95.3,97.1,75.8,113.7,97.7,92.3,82.5,94.4,120.1,96.7,127.2,109.5,109.3,83.9,125.4,131.2,87.8,87.8,90.4,115.2,86.1,103.1,90.3,100.8,100.6,100.8,100,99.4,95.9,98.5,98.7
2023-08,98.4,98,82.2,101.5,115.3,101.2,76.5,100.7,109.9,99.7,95.4,84.8,92.2,95.4,69.3,102.9,98.5,97.1,76.7,101.6,95.4,87.4,84.2,96.1,116.3,98.3,106.1,108.8,108.3,82.3,121.6,135.3,86.3,86.3,88.6,113.2,86.7,103.3,89.6,100.6,99.4,100.7,99.3,100,93.8,98.7,97.4
2023-09,100.1,98.6,75.9,99.8,122.1,103.5,83.1,102.5,108.1,103.3,100.3,85.4,95.1,107,77.9,101.5,97.6,99.8,75.6,108.2,97.3,88.1,85.6,98.5,127.1,97,128.4,109.9,105.7,88.7,129.2,124.7,84.5,84.5,92,116.6,91.6,103.8,88,102.3,101.5,102.3,102.1,101.2,97.7,97.6,98.5
2023-10,97.8,96.6,75.6,97.4,115.6,101.1,74.4,99.8,108.9,107.7,103.4,84,88.4,102.3,76.9,107.4,99.2,102.9,82.9,106.1,97.8,90.6,72.5,100.2,107.6,98.6,104.3,111.3,101.2,87.7,124.5,121.6,83.6,83.6,91.2,111.9,90.8,102.2,87,99.4,99.5,99.5,98.8,99.7,96.4,96.8,96.6
2023-11,97.6,96.6,68.8,98.9,116,102.9,65.1,99.7,109.9,116.6,102.3,72.9,87.6,102.9,74.3,108.4,87.9,76.7,79.8,112.3,100.1,92.9,73.8,102.1,111.6,96.7,105.6,107.3,104.9,89.4,124,116.6,85.1,85.1,92.8,110.5,91.9,102.4,87.1,99.6,98.4,99.9,98.8,100.6,95,92.3,96.5
2023-12,99.2,92.9,71.6,98.6,110.8,104.4,62.7,101.4,111.9,102.9,90.3,84.5,83.9,104.6,78.7,110.3,92.7,98.9,77.8,104.6,102.5,100.5,71,95.1,112.4,95,109.5,107.7,109.9,97.6,136.1,118.3,83.9,83.9,93.5,113.2,92,102.2,87,101,99.5,101,100.9,100.4,94.8,97.5,98
2024-01,95.8,91.2,74.6,99,102.4,97.9,56.9,97.9,114.3,98.6,80.8,82.3,84.6,81.3,73.4,115.5,91.1,108.5,82.2,100.2,98.9,89.5,68.8,105,110.4,98.4,101.6,104.9,120.4,93.8,116.8,95.9,83.6,83.6,90.7,106.2,92.5,99.5,87.4,97.5,95.7,97.4,95.2,98.3,92.7,100.1,93.9
2024-02,99,98.8,75,99,101,114.8,71.7,101.6,114,101.2,92.3,80.7,82.8,82.5,80.2,112.9,96.1,108.1,89,98.4,98.8,101.3,76.3,107.3,106.9,96.1,113,108.1,120.7,92.2,115.9,111.9,81.5,81.5,94.4,113.6,90.7,99.1,85.9,101.6,99.7,101.7,99.9,98.3,91.5,100,97.4
2024-03,103,97,76.1,99.2,96.6,119,65.4,106.9,114.8,104.6,97.2,89,82.4,92.2,87.6,114.3,93.2,88.1,88.7,95.2,100.2,102.8,87.2,105.4,111.6,96.8,174.2,111.6,122.7,92.7,123,102.1,82.2,82.2,97.3,124.6,92.6,100.2,85.5,106.6,105.6,107.2,106.6,100,93.2,95.2,102
2024-04,101.1,100.4,61.1,99.9,90.8,127.3,60.4,104.8,116.5,105.6,109.6,90.7,84.9,94,92.6,115.8,103.1,85.6,81.7,104.3,96.8,97.7,89.6,116.8,121.3,101.1,127.3,115.2,128.2,96.8,129.7,117,78.8,78.8,96.5,120.1,97.5,106.6,82.6,104.6,104,105.3,103.8,101.4,96.5,94.7,100.4
2024-05,94.8,99.4,67.5,101.7,119.9,118.9,44.2,96.6,115,98.3,102.4,81.4,80,93.2,87,110.8,97.3,87,88.4,91.1,86.8,85.4,78.7,105.3,105.7,92.9,105.8,94.2,124.5,83.5,119.4,105.4,79,79,89.1,106.9,87.3,100.6,83.6,96.7,95.2,96.6,95,97,89.6,96.9,92.8
2024-06,98.4,98,74,100.2,103.4,112.6,53.8,101.3,115.4,104.8,110.7,79.4,78.6,93.9,91.5,110.3,98.5,115.8,83.3,106.1,89.1,87.7,78.7,107,102.8,96.4,106.7,109.8,119.9,87.8,127.2,110,83.8,83.8,89.7,112.8,92.9,103.1,88.2,101.1,99.8,100.6,98.9,100.6,93.7,102.3,96.8
2024-07,95.1,99.1,77.6,100.8,106.5,114.8,53.5,96.6,113.7,103.1,117,74,79,88.6,90.6,111.4,93.4,118.9,80.6,113.9,85.8,86.7,72.3,100.7,103.6,91.9,108,103.3,126.9,86.7,120.9,94.7,86.4,86.4,87.4,106.2,91.1,100.4,90.3,96.5,95.1,96.2,93.5,98.5,90.6,103.3,93.6
2024-08,,,,,,,,,,,,,,,,,,,,,,,,,,,,,,,,,,,,,,,,,,,,,,,
2024-09,,,,,,,,,,,,,,,,,,,,,,,,,,,,,,,,,,,,,,,,,,,,,,,
2024-10,,,,,,,,,,,,,,,,,,,,,,,,,,,,,,,,,,,,,,,,,,,,,,,
2024-11,,,,,,,,,,,,,,,,,,,,,,,,,,,,,,,,,,,,,,,,,,,,,,,
2024-12,,,,,,,,,,,,,,,,,,,,,,,,,,,,,,,,,,,,,,,,,,,,,,,
2025-01,,,,,,,,,,,,,,,,,,,,,,,,,,,,,,,,,,,,,,,,,,,,,,,
2025-02,,,,,,,,,,,,,,,,,,,,,,,,,,,,,,,,,,,,,,,,,,,,,,,
2025-03,,,,,,,,,,,,,,,,,,,,,,,,,,,,,,,,,,,,,,,,,,,,,,,
2025-04,,,,,,,,,,,,,,,,,,,,,,,,,,,,,,,,,,,,,,,,,,,,,,,
2025-05,,,,,,,,,,,,,,,,,,,,,,,,,,,,,,,,,,,,,,,,,,,,,,,
2025-06,,,,,,,,,,,,,,,,,,,,,,,,,,,,,,,,,,,,,,,,,,,,,,,
2025-07,,,,,,,,,,,,,,,,,,,,,,,,,,,,,,,,,,,,,,,,,,,,,,,
2025-08,,,,,,,,,,,,,,,,,,,,,,,,,,,,,,,,,,,,,,,,,,,,,,,
2025-09,,,,,,,,,,,,,,,,,,,,,,,,,,,,,,,,,,,,,,,,,,,,,,,
2025-10,,,,,,,,,,,,,,,,,,,,,,,,,,,,,,,,,,,,,,,,,,,,,,,
2025-11,,,,,,,,,,,,,,,,,,,,,,,,,,,,,,,,,,,,,,,,,,,,,,,
2025-12,,,,,,,,,,,,,,,,,,,,,,,,,,,,,,,,,,,,,,,,,,,,,,,
2026-01,,,,,,,,,,,,,,,,,,,,,,,,,,,,,,,,,,,,,,,,,,,,,,,
2026-02,,,,,,,,,,,,,,,,,,,,,,,,,,,,,,,,,,,,,,,,,,,,,,,
2026-03,,,,,,,,,,,,,,,,,,,,,,,,,,,,,,,,,,,,,,,,,,,,,,,
2026-04,,,,,,,,,,,,,,,,,,,,,,,,,,,,,,,,,,,,,,,,,,,,,,,
2026-05,,,,,,,,,,,,,,,,,,,,,,,,,,,,,,,,,,,,,,,,,,,,,,,
2026-06,,,,,,,,,,,,,,,,,,,,,,,,,,,,,,,,,,,,,,,,,,,,,,,
2026-07,,,,,,,,,,,,,,,,,,,,,,,,,,,,,,,,,,,,,,,,,,,,,,,
2026-08,,,,,,,,,,,,,,,,,,,,,,,,,,,,,,,,,,,,,,,,,,,,,,,
2026-09,,,,,,,,,,,,,,,,,,,,,,,,,,,,,,,,,,,,,,,,,,,,,,,
2026-10,,,,,,,,,,,,,,,,,,,,,,,,,,,,,,,,,,,,,,,,,,,,,,,
2026-11,,,,,,,,,,,,,,,,,,,,,,,,,,,,,,,,,,,,,,,,,,,,,,,
2026-12,,,,,,,,,,,,,,,,,,,,,,,,,,,,,,,,,,,,,,,,,,,,,,,