Date (formatted),Household deposits,Household deposits overnight,Household deposits overnight RON,Household deposits overnight EUR,Household deposits overnight other currencies,Household deposits time,Household deposits time RON,Household deposits time RON with maturity of up to and including one year,Household deposits time RON with maturity longer than one year,Household deposits time EUR,Household deposits time EUR with maturity of up to and including one year,Household deposits time EUR with maturity longer than one year,Household deposits time other currencies,Household deposits time other currencies with maturity of up to and including one year,Household deposits time other currencies with maturity longer than one year,Household deposits redeemable at notice,Household deposits repos,Deposits from non-financial corporations,Deposits from non-financial corporations overnight,Deposits from non-financial corporations overnight RON,Deposits from non-financial corporations overnight EUR,Deposits from non-financial corporations overnight other currencies,Deposits from non-financial corporations time,Deposits from non-financial corporations time RON,Deposits from non-financial corporations time RON with maturity of up to and including one year,Deposits from non-financial corporations time RON with maturity longer than one year,Deposits from non-financial corporations time EUR,Deposits from non-financial corporations time EUR with maturity of up to and including one year,Deposits from non-financial corporations time EUR with maturity longer than one year,Deposits from non-financial corporations time other currencies,Deposits from non-financial corporations time other currencies with maturity of up to and including one year,Deposits from non-financial corporations time other currencies with maturity longer than one year,Deposits from non-financial corporations redeemable at notice,Deposits from non-financial corporations repos,Deposits from financial corporations other than MFIs,Deposits from financial corporations other than MFIs overnight,Deposits from financial corporations other than MFIs overnight RON,Deposits from financial corporations other than MFIs overnight EUR,Deposits from financial corporations other than MFIs overnight other currencies,Deposits from financial corporations other than MFIs time,Deposits from financial corporations other than MFIs time RON,Deposits from financial corporations other than MFIs time RON with maturity of up to and including one year,Deposits from financial corporations other than MFIs time RON with maturity longer than one year,Deposits from financial corporations other than MFIs time EUR,Deposits from financial corporations other than MFIs time EUR with maturity of up to and including one year,Deposits from financial corporations other than MFIs time EUR with maturity longer than one year,Deposits from financial corporations other than MFIs time other currencies,Deposits from financial corporations other than MFIs time other currencies with maturity of up to and including one year,Deposits from financial corporations other than MFIs time other currencies with maturity longer than one year,Deposits from financial corporations other than MFIs redeemable at notice,Deposits from financial corporations other than MFIs repos,Deposits from general government,Deposits from general government
  central,Deposits from general government
  local,Deposits from general government
  social security funds,Deposits from non-residents
2007-01,46963152,14080151,9560029,3707448,812675,32872718,20891272,18987308,1903964,8782657,8526683,255973,3198789,3006592,192197,3,10280,42085643,22164520,15563404,5109648,1491468,19843401,14268384,13885147,383237,4081059,3888764,192295,1493957,1340412,153545,64435,13287,5337934,1559904,1174694,285900,99310,3690008,3304290,2823122,481168,310858,300861,9998,74859,65376,9484,967,87056,19720220,19060661,651412,8148,55066383
2007-02,48805405,15112895,10174452,4131950,806493,33689582,21478544,19395860,2082684,9078612,8803870,274742,3132426,2942433,189993,0,2928,41763978,20978807,14238961,5154923,1584923,20782820,14822420,14438503,383917,4104077,3901175,202902,1856323,1673763,182559,0,2351,5424516,1609919,1167144,325004,117771,3747188,3400186,2847463,552723,277903,263519,14384,69100,64937,4163,0,67409,17093220,15259463,1824755,9002,57259392
2007-03,50533743,16580770,11409789,4355773,815208,33948032,21634735,19457270,2177465,9239015,9001435,237580,3074282,2928749,145533,0,4942,42516496,21123370,14127472,5568234,1427664,21390653,15390799,14993240,397559,4337701,4125628,212073,1662153,1468201,193952,0,2473,5481875,1615994,1183685,333019,99290,3805322,3441750,2711732,730018,285970,271856,14114,77602,76620,982,0,60559,16974638,15154249,1811189,9201,57696989
2007-04,51504701,17241311,11734241,4683282,823787,34261450,22062502,19865058,2197444,9240964,8997305,243658,2957984,2813471,144513,0,1940,41542851,20450009,13781372,5274747,1393890,21088840,15384621,14962360,422261,4200811,3936507,264304,1503408,1315180,188228,0,4003,5802583,1646455,1173601,384167,88686,4090750,3688638,2920929,767709,343454,322357,21097,58658,57723,935,0,65379,20966615,19220992,1742394,3230,56783870
2007-05,52042138,17519334,11783686,4927097,808551,34520456,22351508,20060791,2290717,9258329,9003967,254362,2910619,2760470,150149,0,2348,40614004,21123570,14554052,5264831,1304687,19488171,13870935,13394197,476738,4051144,3786278,264866,1566092,1390116,175976,0,2264,5572968,1706617,1264664,368782,73170,3801612,3362321,2576660,785662,375695,354875,20820,63595,62664,931,0,64740,22003072,20233358,1729650,40064,59712749
2007-06,53185369,18645828,12980260,4875008,790560,34535944,22786175,20401543,2384632,9026608,8758063,268545,2723161,2572197,150964,0,3598,41358591,21550013,15061132,5157200,1331681,19808030,14243413,13740820,502593,4219479,3974908,244570,1345139,1216142,128997,0,548,5888153,1822315,1396749,358419,67146,4015558,3622346,2817652,804694,310183,289735,20448,83030,82147,883,0,50280,20798548,19142922,1653543,2083,60483625
2007-07,55272243,20157564,14037433,5332125,788006,35110644,23119566,20678679,2440887,9338594,9065247,273347,2652485,2500105,152380,0,4035,42423270,22864717,16222040,5427544,1215133,19551336,13915152,13378089,537063,4266003,3849926,416077,1370181,1197437,172744,0,7217,6122763,1939294,1480980,383461,74853,4149334,3682548,2769845,912703,358941,330778,28164,107844,106969,875,0,34136,22670549,21032632,1635822,2095,51918268
2007-08,56880455,21041217,14431181,5737147,872889,35835391,23017243,20559059,2458184,10122237,9812597,309640,2695911,2537797,158114,0,3847,44544040,23671485,16840848,5369363,1461274,20865283,15363175,14783246,579929,4258749,3819349,439400,1243359,1075274,168085,0,7272,6586046,1664766,1214290,370836,79639,4830531,4066909,3127897,939012,670071,635148,34923,93551,89770,3781,0,90749,22866988,21208400,1656573,2016,58306146
2007-09,58546170,21942882,14677973,6371189,893720,36600566,23041472,20595835,2445637,10906952,10576868,330084,2652142,2490432,161710,0,2722,44798325,23681202,16872318,5562664,1246220,21109804,15276057,14675246,600811,4718472,4241022,477450,1115275,989932,125343,0,7319,6314034,1748323,1263164,411575,73584,4475043,3972552,3022801,949750,417486,383724,33762,85006,81267,3740,0,90668,24551417,22892778,1656645,1994,63683760
2007-10,59697166,22455959,15077575,6489083,889301,37237255,23370088,20860433,2509655,11298864,10969602,329262,2568303,2407034,161269,0,3953,46381639,24953749,17607076,5998521,1348152,21420499,15197404,14534019,663386,4887273,4379618,507655,1335822,1222210,113612,0,7391,6306434,1916353,1377537,465248,73569,4355325,3677577,2730780,946798,596843,565553,31290,80905,77272,3633,0,34755,25196764,23522643,1672114,2007,65764858
2007-11,63199044,24338453,16217115,7211665,909674,38857998,23929252,21318548,2610705,12298794,11939931,358863,2629951,2461654,168298,0,2593,49110799,26440485,18739238,6270201,1431047,22662825,16052038,15340301,711737,5411791,4864065,547726,1198996,1038790,160206,0,7489,6332160,1923671,1463179,386261,74231,4404864,3734975,2794898,940077,628628,593918,34710,41261,37536,3725,0,3625,22383881,20760346,1621094,2442,70809857
2007-12,67315557,26397907,17623740,7819937,954230,40916566,24790309,22007247,2783061,13403633,13006532,397101,2722623,2547135,175489,0,1085,54862329,29364904,21997870,6052115,1314919,25489937,17862115,17095310,766805,6289316,5686383,602933,1338506,1145135,193371,0,7489,6880295,2189779,1522873,565103,101803,4664594,3819743,2967454,852289,810633,774446,36187,34218,30095,4122,0,25923,15820301,14274092,1543714,2494,75442818
2008-01,69332532,27582650,18305198,8313345,964107,41748797,24996821,22238325,2758496,14037278,13659929,377349,2714698,2544960,169738,0,1085,53341690,28108884,20066391,6741269,1301224,25225187,17358427,16581861,776566,6452640,5809831,642810,1414120,1217109,197011,0,7619,6520050,2149481,1424707,622679,102095,4344826,3540009,2645003,895006,752040,727884,24156,52777,51693,1084,0,25743,18350294,16679284,1668451,2559,76315870
2008-02,71651349,30157263,20029609,9148374,979281,41493052,24675592,21887114,2788478,14182431,13803845,378586,2635029,2472200,162829,0,1034,53056203,27698504,19659122,6755854,1283529,25341750,17324808,16445130,879678,6404182,5773147,631035,1612760,1394596,218165,0,15949,6286026,2040383,1283483,638355,118545,4215740,3545104,2631041,914062,625945,601803,24142,44691,43520,1171,0,29903,18029812,16329341,1698488,1983,77618862
2008-03,73273209,31500928,21105129,9377981,1017818,41770983,24740212,21851774,2888437,14505354,14127415,377940,2525417,2376445,148972,0,1298,54203437,27291638,19514074,6591416,1186148,26896598,18972645,17559297,1413349,6440046,5771453,668593,1483908,1294313,189594,0,15201,6073065,1729164,1208708,468680,51776,4320489,3519808,2599698,920110,750983,730948,20035,49699,48572,1127,0,23412,18997327,17388599,1607026,1702,79719022
2008-04,75182847,33186948,21796481,10306312,1084154,41994601,25145497,22341443,2804055,14367319,14007052,360266,2481785,2342484,139301,0,1298,55895369,26002301,17811200,6809474,1381627,29886432,18746993,17700442,1046551,9792719,9110133,682586,1346720,1152513,194207,0,6636,6263071,1743453,1256140,397601,89712,4493600,3676156,2773236,902920,777351,765253,12097,40093,38420,1674,0,26018,20447948,18813530,1632812,1606,80583711
2008-05,75971657,34497277,22917084,10530883,1049309,41473079,25185415,22361596,2823819,13869099,13520744,348355,2418565,2287085,131480,0,1302,54759587,25813798,17968594,6533947,1311258,28944038,18742003,17706813,1035190,9066098,8430801,635298,1135937,1003470,132467,0,1751,6586054,2124729,1563924,426401,134404,4435315,3648803,2736618,912185,747195,735217,11978,39318,36711,2607,0,26010,18868459,17251806,1614829,1824,81902752
2008-06,77929622,36099013,24181117,10831141,1086754,41829564,25473167,22559571,2913595,13972750,13634641,338109,2383647,2262715,120933,0,1045,55944047,28546871,20250499,6899382,1396991,27397175,17532229,16495222,1037007,8936106,8335206,600900,928840,808698,120142,0,0,6915866,2151961,1463659,543620,144682,4736050,3868089,2955772,912317,831033,729268,101765,36929,29737,7191,0,27855,16638447,15111059,1524648,2740,87431355
2008-07,78162738,36549577,24235779,11231589,1082210,41612115,25657316,22719925,2937391,13615664,13297708,317955,2339136,2225743,113393,0,1045,55235068,27535970,19117572,6969883,1448515,27699098,17979268,16934811,1044457,8792838,8283087,509752,926992,824672,102320,0,0,6972551,1816064,1151362,492774,171928,5128905,4183376,3217777,965599,880204,781857,98347,65325,56342,8983,0,27582,17001593,15552293,1445252,4048,86474064
2008-08,79028392,37082867,24098572,11996325,987970,41944908,25795928,22820075,2975853,13701524,13390948,310576,2447456,2332820,114636,0,617,55474386,27874507,19941084,6687227,1246196,27599879,18254629,17177640,1076989,8253368,7725400,527968,1091882,990087,101794,0,0,6831567,1567439,1081931,417737,67771,5236346,4318167,3403805,914363,882858,772668,110190,35321,26343,8978,0,27782,18340197,16972334,1365760,2104,88077971
2008-09,81085148,38161615,24223984,12893271,1044361,42922926,26091565,23217737,2873828,14209086,13876931,332155,2622275,2505866,116409,0,607,57170024,28410438,20684882,6461092,1264465,28759586,18934297,17854998,1079299,8883200,8218659,664541,942089,839152,102937,0,0,7195357,1891600,1266095,548916,76589,5277092,4241259,3366201,875058,1001572,883514,118058,34261,25295,8966,0,26665,17833391,16406214,1425167,2010,96035606
2008-10,78610959,37453905,24255123,12030569,1168213,41108095,25676585,23117500,2559085,12936522,12644354,292168,2494989,2378218,116771,0,48959,54856006,27561742,18546843,7634742,1380157,27158557,17490905,16449302,1041603,8738926,8076577,662349,928726,807364,121362,0,135708,7190728,1748383,1072003,617383,58998,5394661,4267735,3433854,833880,1085931,957761,128170,40995,31631,9364,0,47684,18283513,16881521,1399721,2272,100675387
2008-11,79465536,37624567,24548348,11935321,1140898,41812647,26139931,23483435,2656497,13200476,12904046,296430,2472240,2356658,115581,0,28322,54797340,27125958,19076319,6857578,1192061,27550682,17002011,15926638,1075372,9595642,8913682,681960,953030,820617,132413,0,120700,7816975,1827093,1270079,502115,54899,5956016,4400253,3628560,771693,1501196,1369430,131767,54567,45346,9222,0,33866,14657374,13165300,1489725,2350,104579752
2008-12,82879713,36889818,24383861,11462831,1043126,45961626,27982134,25129065,2853069,15446636,15157504,289132,2532856,2423095,109761,0,28270,59487743,27837834,20362289,6280667,1194877,31537720,19291286,18247377,1043909,10947174,10209843,737331,1299260,1199730,99530,0,112190,9004422,1893767,1331594,514568,47606,7058951,5200765,4458354,742411,1800762,1723921,76841,57425,45373,12052,0,51703,11855310,10281994,1570799,2517,108981871
2009-01,87799019,33657844,22852279,9791829,1013737,54115928,31630271,28404369,3225903,19606441,19302110,304331,2879216,2756333,122883,0,25247,56895376,26823443,17552468,7736993,1533983,30034171,17250602,16239239,1011362,11404054,10650056,753999,1379515,1282135,97380,0,37761,9425139,1847832,1169457,625870,52506,7529413,5172209,4510420,661789,2297420,2168352,129069,59784,46640,13144,0,47894,16946943,15319051,1625462,2431,111970712
2009-02,89425188,31852596,21702001,9155106,995490,57541181,34267689,30799325,3468363,20447280,20158457,288823,2826212,2707265,118946,0,31411,55191779,25257494,16834517,7010308,1412670,29906643,16950127,15949546,1000581,11545265,10835514,709751,1411252,1315037,96215,0,27642,9730123,2126366,1348210,700994,77162,7580563,5045610,4439940,605670,2472596,2343081,129516,62356,49290,13067,0,23194,18588388,16864476,1721467,2445,112952124
2009-03,90145857,30207349,20656175,8569947,981228,59914692,36589218,33097805,3491413,20654596,20401790,252806,2670878,2562284,108594,0,23815,54482511,24480178,16159580,6846355,1474242,29979693,17596557,16587763,1008794,10998412,10299766,698647,1384723,1294372,90351,0,22640,9480711,2076266,1181201,825715,69351,7375477,4629526,4255376,374151,2680021,2557574,122447,65929,53663,12267,0,28968,17442235,15735096,1704567,2572,112177144
2009-04,91187885,29572002,20258753,8316133,997116,61602779,38300594,34839574,3461020,20691385,20451949,239436,2610800,2506592,104208,0,13103,53329126,23722900,15657095,6629357,1436448,29586016,17175022,16101905,1073116,11130692,10417905,712788,1280302,1192174,88128,0,20210,10037078,2060102,1288978,739431,31693,7965406,5124279,4653965,470314,2780712,2661527,119185,60415,48515,11900,0,11570,18669004,16962422,1703945,2637,110241164
2009-05,91511705,28906106,19680282,8263477,962347,62592350,39169758,35883323,3286435,20941848,20703255,238593,2480744,2384292,96452,0,13248,53674621,23954077,16283637,6328820,1341620,29707286,17470499,16419197,1051301,11026184,10324819,701365,1210604,1129956,80648,0,13258,10184589,2093229,1377039,681747,34443,8080107,5132056,4684546,447510,2882786,2764894,117892,65265,54366,10899,0,11253,16172681,14460089,1710594,1999,124378651
2009-06,93153659,29668536,20253347,8430726,984463,63474448,39780100,36652257,3127843,21201537,20947715,253823,2492811,2401881,90930,0,10675,53877206,24848091,17207443,6335327,1305321,29021829,17563076,16574414,988662,10694124,10031357,662767,764629,685452,79177,0,7287,11024529,2285996,1384683,865891,35422,8726090,5527033,5001401,525632,3135365,3016590,118775,63691,53020,10672,0,12444,14418216,12790049,1625994,2173,124706985
2009-07,93903114,29373951,19826156,8575338,972456,64519594,40264241,37215445,3048796,21737843,21420945,316897,2517511,2427389,90122,0,9569,54008670,24452959,16910108,6380495,1162356,29555711,17658452,16659612,998840,10944274,10315032,629242,952986,871302,81684,0,0,10722358,2093730,1256387,802281,35062,8626023,5531739,5062679,469060,3036632,2917312,119320,57652,49902,7750,0,2605,27676227,26066155,1607688,2384,122954925
2009-08,94365281,29434322,19794550,8672024,967749,64930635,39964592,36944292,3020300,22459973,22051423,408550,2506070,2409842,96228,0,325,56064545,26299038,18482944,6553085,1263009,29761961,17873982,16863152,1010831,10998179,10359976,638203,889799,841382,48417,0,3546,10962274,2042709,1293474,706601,42634,8919565,5436123,4960938,475185,3416757,3307057,109700,66686,59250,7436,0,0,25250207,23880426,1367428,2353,123092107
2009-09,94271198,28281803,18346321,8966328,969155,65989070,40668227,37629122,3039105,22873906,22403997,469908,2446938,2356352,90586,0,325,56008626,25638275,17396348,6986855,1255073,30370351,17549813,16516854,1032959,11859943,11249995,609949,960595,919053,41541,0,0,11415772,2200161,1371741,795823,32597,9215611,5281600,4798596,483004,3866634,3759548,107086,67377,60362,7015,0,0,26121565,24787158,1331990,2417,128443453
2009-10,95341640,27166332,17291302,8984256,890774,68175309,41291485,38258167,3033319,24404173,23828072,576101,2479650,2389718,89933,0,0,55350450,24948382,16947374,6782526,1218482,30402068,17334276,16259986,1074290,12218335,11598382,619952,849457,809088,40369,0,0,11374524,1827766,1254260,540835,32671,9546758,5317043,4826125,490918,4161644,4053902,107743,68071,61364,6707,0,0,22336084,21033437,1300119,2528,127460593
2009-11,96324346,26730198,17086533,8758435,885230,69594148,42169003,39120489,3048515,24999931,24372071,627861,2425214,2341466,83747,0,0,55271912,25782767,17477711,7125504,1179552,29489146,16795521,15725782,1069739,11878223,11288598,589625,815402,788566,26836,0,0,11931458,1813112,1132595,638637,41880,10118345,5767817,5269459,498358,4300041,4193912,106129,50488,47654,2834,0,0,26317847,25001128,1314156,2564,126549069
2009-12,97306967,25982595,15955802,9113319,913475,71324372,43239143,40067413,3171731,25626729,24960918,665811,2458499,2374686,83813,0,0,58059088,26786206,18726244,6815447,1244514,31272882,17767237,16658100,1109137,12662002,12037695,624307,843644,781313,62331,0,0,12377242,2009197,1354578,624443,30176,10368045,5645335,5127696,517639,4668755,4564713,104042,53955,51276,2679,0,0,21130118,20063219,1064550,2349,124550284
2010-01,97475027,25087712,15498008,8705092,884611,72387316,44427009,41234089,3192921,25488157,24767683,720474,2472150,2384154,87996,0,0,54795860,25412095,16927870,7217727,1266498,29383766,16441908,15342836,1099072,12160901,11606947,553954,780957,719535,61422,0,0,12076677,1873228,1274255,555739,43234,10203449,5974565,5407749,566816,4189397,3982081,207316,39487,36997,2490,0,0,24692850,23654922,1035402,2525,121979944
2010-02,99088725,24944915,15652040,8418458,874417,74143810,45831910,42595681,3236229,25790885,25019630,771256,2521015,2426731,94284,0,0,54207754,24893299,16780592,7085725,1026982,29314455,16751158,15681402,1069757,11694891,11080617,614274,868406,804813,63592,0,0,11876775,1946243,1215299,691749,39195,9930532,6201561,5623424,578137,3693546,3330670,362876,35426,33108,2318,0,0,25881163,24842989,1035847,2327,125510129
2010-03,99752008,24374471,15018909,8413664,941898,75377536,47036405,43839148,3197257,25804672,24955743,848930,2536460,2437015,99445,0,0,55060310,24772411,16861433,6789763,1121215,30287899,18162363,17102367,1059996,11289271,10643308,645963,836265,781809,54456,0,0,12308122,2578203,1181709,1370834,25660,9688933,6931320,6392226,539095,2708839,2354117,354722,48774,46644,2130,0,40986,30526881,28985400,1539193,2287,127265660
2010-04,100850410,24035314,14910769,8259852,864692,76815097,48277850,45099128,3178722,25950009,25030707,919302,2587238,2471927,115311,0,0,55145973,25180972,17300905,6741512,1138554,29701024,18030422,16946632,1083790,10842127,10193559,648568,828476,774042,54434,0,263978,11267656,1786013,1206104,556824,23086,9436123,6602893,5946817,656077,2784035,2433676,350360,49194,47251,1943,0,45521,30511660,28890855,1618705,2100,128856726
2010-05,101227045,24198852,14698100,8380312,1120440,77028193,48109604,45039131,3070473,25874350,24903181,971170,3044238,2890633,153605,0,0,56103665,26266634,18071111,6586617,1608906,29611512,17865455,16763933,1101521,10791054,10131365,659689,955004,896231,58773,0,225519,11125646,1892283,1245877,609021,37385,9134280,6145831,5510638,635192,2897527,2566263,331263,90923,89033,1890,0,99083,26352136,24851448,1498608,2079,130283902
2010-06,102561828,24336180,14554402,8540148,1241630,78225648,47571898,44568035,3003862,27073368,26022162,1051206,3580383,3405346,175037,0,0,56267691,26851953,18123281,7081866,1646807,29197932,17873270,16778046,1095224,10214386,9535952,678434,1110276,963849,146428,0,217806,11247609,2629464,1277476,1288697,63291,8503206,5985959,5379502,606457,2446998,2070994,376005,70248,68465,1783,0,114939,22833194,21312566,1518816,1813,133812987
2010-07,101348249,23816320,14369529,8171504,1275286,77528162,47577067,44572883,3004185,26492339,25422485,1069854,3458756,3283386,175371,0,3767,55538515,26652127,18081132,6858733,1712262,28667736,17322080,16196294,1125786,10217120,9568206,648914,1128536,993439,135097,0,218652,11021957,1742764,1226223,482896,33645,9073320,6012794,5437387,575407,2952991,2582584,370407,107535,105994,1541,0,205873,22855983,21368757,1485178,2048,136839451
2010-08,101309818,23232249,14106497,7910549,1215203,78072031,47686113,44652180,3033933,26818873,25733163,1085711,3567045,3385909,181136,0,5538,56735361,27931895,18838235,7291726,1801934,28609224,17495053,16355175,1139878,9923952,9295319,628633,1190219,1055659,134560,0,194243,11373617,1617019,1107682,452821,56516,9624483,6571094,6036756,534338,2953105,2685398,267708,100284,98832,1452,0,132115,21479326,19829353,1647622,2351,136781759
2010-09,100808215,22518943,13529875,7689432,1299636,78280921,47973686,44988751,2984935,26979311,25875880,1103431,3327924,3155379,172545,0,8351,57576035,28780358,19363724,7236260,2180375,28601095,17671934,16505885,1166049,9945279,9341957,603322,983882,869368,114515,0,194581,11493190,2849554,1427712,1368089,53753,8505833,6255788,5709995,545793,2158020,1747711,410309,92025,90832,1194,0,137803,24472274,22930865,1539285,2124,138260025
2010-10,100685924,21987089,13183990,7585545,1217554,78680912,48320003,45350868,2969135,26956053,25832816,1123237,3404856,3225206,179651,0,17923,57153186,27434555,18335465,7139811,1959279,29711395,18001802,16878966,1122836,10161174,9591170,570004,1548420,1421387,127032,0,7236,11097168,1633831,1183818,425543,24470,9273820,6274133,5669686,604446,2905436,2498152,407285,94251,93182,1069,0,189518,24802569,23451077,1349359,2133,137923967
2010-11,101558381,21718891,13073803,7416480,1228608,79821587,48969498,45985004,2984494,27290257,26130198,1160059,3561832,3377715,184117,0,17903,59334147,29389787,19847360,7512837,2029590,29937124,18453538,17321311,1132227,10156658,9580511,576148,1326928,1189084,137844,0,7236,11192033,1786837,1198544,529623,58670,9325238,6369689,5784380,585309,2888833,2484402,404431,66717,65325,1392,0,79958,24346272,23046198,1298102,1973,140732019
2010-12,104107350,22089508,13809527,7118683,1161298,81992215,50463876,47296044,3167832,27975886,26813724,1162162,3552453,3376639,175814,0,25627,62376988,30574030,21695667,7032626,1845737,31795722,19803553,18601573,1201980,10480777,9848029,632747,1511393,1391397,119996,0,7236,10946969,1529661,1043793,450895,34972,9332580,6547174,5973015,574158,2720538,2315243,405295,64869,64197,672,0,84728,19271201,18234508,1034390,2303,146832822
2011-01,104545255,21618652,13325880,7045094,1247678,82905151,51561712,48272809,3288904,27960505,26774812,1185693,3382934,3199424,183509,0,21453,59074346,29845465,20649833,7497447,1698186,29228881,17747398,16545843,1201556,9775627,9151857,623770,1705855,1602747,103108,0,0,10688047,1616402,1191756,389904,34743,9071644,6715241,6093313,621928,2293341,1891480,401861,63062,62236,826,0,0,23643996,22632739,1008961,2296,148926822
2011-02,105228211,21783514,13695518,6925568,1162429,83423291,52172620,48873876,3298744,27863075,26666946,1196129,3387597,3211293,176304,0,21406,56675032,28192277,19218717,7212801,1760759,28482755,17737416,16534748,1202668,9073614,8538945,534669,1671725,1571773,99952,0,0,10442862,1690738,1116188,542402,32148,8752124,6363209,5750739,612470,2312379,1917214,395164,76536,75755,781,0,0,21847493,20822036,1023202,2254,147647434
2011-03,104485087,21205945,13217179,6854412,1134354,83260638,52435109,49123830,3311279,27510251,26323598,1186653,3315278,3146367,168911,0,18504,56767753,28019040,18840352,7416317,1762371,28748713,18291120,17227525,1063595,8722264,8195716,526548,1735329,1632203,103126,0,0,10152020,1802549,1248840,521036,32674,8349471,6275327,5658505,616821,2020782,1642216,378565,53363,49356,4006,0,0,22524082,21674318,847150,2614,147105837
2011-04,104431391,21342090,13355337,6882608,1104144,83078701,52479045,49157904,3321141,27433673,26183374,1250299,3165983,2999402,166581,0,10600,56349693,27509764,19032031,6745280,1732452,28839929,18045051,16929737,1115314,9422229,8883438,538790,1372650,1260573,112077,0,0,10275106,1730025,1346531,355287,28207,8545081,6329007,5566623,762384,2158362,1726135,432227,57712,54011,3701,0,0,25136052,24326097,807727,2228,139292057
2011-05,105084611,21019436,13097141,6827458,1094836,84054536,52910728,49595260,3315468,27838768,26564960,1273809,3305040,3114662,190378,0,10639,57802214,28595488,20051104,6959957,1584428,29206726,19032424,17874204,1158220,8943116,8355935,587182,1231185,1136645,94540,0,0,10181192,1583210,1221270,334772,27168,8597983,6479724,5674886,804839,2066095,1630842,435253,52164,48331,3833,0,0,26975105,26140367,832569,2170,141164820
2011-06,106338360,21580493,13482457,7014650,1083385,84723905,53145667,49776625,3369041,28288086,26944797,1343289,3290152,3091091,199061,0,33963,57961149,29089605,20476860,7076726,1536019,28856548,19108702,17901536,1207166,8691625,8069280,622345,1056221,967602,88619,0,14996,10011576,2000496,1318397,648159,33940,8002492,6368673,5537103,831571,1559874,1118273,441601,73944,70045,3899,0,8588,33955319,33183988,769211,2120,147173613
2011-07,108014142,22584082,14187424,7297925,1098732,85397318,53668577,50300648,3367930,28409283,26949481,1459802,3319458,3109457,210001,0,32743,58274777,29042445,20523583,6980053,1538808,29232332,19545444,18325750,1219694,8654473,8050457,604016,1032415,940745,91670,0,0,10929251,1724171,1302978,388482,32711,8107739,6225186,5364440,860746,1824336,1382848,441488,58218,54311,3906,0,1097341,27348317,26518847,827398,2072,142944813
2011-08,107674764,21566711,13525604,6948782,1092326,86075537,54289404,50920222,3369182,28544190,27040554,1503636,3241943,3027780,214163,0,32515,59480464,29939220,21102998,7236590,1599631,29541244,20158713,18917502,1241211,8329423,7719031,610391,1053109,966238,86871,0,0,10908546,1604177,1209965,360447,33764,8123073,6123251,5268249,855002,1898083,1455889,442195,101739,101595,144,0,1181296,24402989,23587249,813646,2094,142629335
2011-09,109790243,21828534,13667895,7052080,1108558,87928662,55056468,51635413,3421055,29428526,27863211,1565315,3443668,3204029,239640,0,33047,60991479,30424240,22229731,6497255,1697254,30567240,20924856,19622020,1302837,8510189,7917305,592884,1132195,1042479,89716,0,0,10226764,1834835,1414063,375477,45295,7976258,5915427,5057148,858279,1927941,1474757,453185,132890,132761,129,0,415672,23726832,22911920,812838,2074,147193210
2011-10,109602547,21716523,13749466,6830513,1136545,87854289,55582740,52041472,3541268,28977995,27421021,1556974,3293554,3060748,232807,0,31735,59856306,31122195,22385885,7068620,1667690,28734111,19887937,18596468,1291469,7663432,7096062,567370,1182743,1111301,71442,0,0,10186242,1897286,1384847,458826,53613,7760337,5874933,5009750,865183,1732437,1269534,462903,152967,152881,87,0,528618,20147953,19324072,821733,2148,144458151
2011-11,110805811,21488307,13540517,6809633,1138158,89283710,56459093,52709441,3749652,29283619,27688542,1595078,3540998,3291900,249098,0,33794,59820624,30407080,21489785,7172960,1744335,29413543,19823213,18489932,1333281,8450377,7867288,583089,1139953,1062447,77507,0,0,10632389,1991555,1337348,596166,58042,8074172,6071310,5268836,802473,1906667,1431776,474891,96196,96104,92,0,566661,20403308,19550050,851228,2030,143147640
2011-12,112749689,21871651,14048269,6585702,1237681,90844323,58048396,53944900,4103495,28967737,27363084,1604653,3828191,3566958,261233,0,33715,62391958,31259141,22697330,6765684,1796128,31132817,20643764,19312761,1331003,9377945,8758796,619149,1111108,1021741,89367,0,0,12147201,1654793,1276000,348546,30247,10048762,7391804,6695357,696447,2544242,2048877,495365,112716,112623,94,0,443646,19035536,18319500,714019,2018,153683970
2012-01,114671350,22147090,14350606,6577627,1218858,92490635,59495719,54827527,4668192,29144544,27436221,1708323,3850372,3583880,266491,0,33626,61443339,31615666,22680938,7004487,1930241,29827674,20390759,19048782,1341977,8181948,7538659,643288,1254967,1172034,82933,0,0,12025088,1881919,1411232,435105,35582,9722767,7471475,6803131,668344,2128163,1838456,289707,123130,123047,83,0,420402,20637806,19943225,692518,2063,150932007
2012-02,115811497,22083310,14178289,6654478,1250543,93696222,60603887,55774909,4828977,29264012,27526776,1737236,3828324,3566763,261561,0,31966,61048322,30549073,21952815,6544504,2051755,30499249,21089580,19756166,1333414,8227192,7564726,662467,1182476,1094865,87612,0,0,11779921,1958350,1485958,414842,57550,9589007,7306792,6501106,805686,2186515,1650227,536288,95700,95619,82,0,232564,26475143,25748007,724885,2251,149954086
2012-03,116660313,21760905,13733931,6766099,1260875,94870134,61432330,56451081,4981248,29573674,27816862,1756812,3864131,3594373,269758,0,29273,60604821,29061821,20629669,6329981,2102172,31543000,22025427,20667359,1358068,8322735,7678895,643840,1194838,1120512,74326,0,0,12641004,2765282,1808011,923884,33387,9488030,7440026,6586782,853243,1925242,1391381,533861,122762,122680,83,0,387693,36150389,35426009,722569,1811,151076555
2012-04,117928432,22615921,14327758,7000987,1287176,95305252,61660043,56549545,5110497,29700687,27933727,1766960,3944523,3672765,271757,0,7259,60605974,30275173,21569903,6665346,2039924,30330801,20787894,19444839,1343056,8254267,7627540,626726,1288640,1215954,72686,0,0,13051050,1920657,1555585,300581,64490,10741056,8004215,7083704,920511,2666339,2111958,554382,70502,66925,3577,0,389337,35640753,34896912,740707,3133,150665121
2012-05,118839741,22680681,13926918,7332308,1421455,96121130,61773128,56460660,5312469,30038662,28209862,1828800,4309340,4033094,276245,0,37931,61575976,29903526,21217816,6768888,1916822,31672450,21669143,20308632,1360511,8582950,7927655,655295,1420357,1344560,75797,0,0,12988022,1965823,1499050,427416,39357,10828466,7931225,7169101,762124,2802007,2252264,549743,95233,95143,91,0,193733,31805391,30720372,1082080,2938,149107966
2012-06,118981704,23059757,14013866,7587609,1458281,95909237,61504403,56040880,5463522,29959511,28122089,1837422,4445324,4172554,272770,0,12710,57929602,29662449,20989703,6726502,1946245,28267153,18705861,17374729,1331132,8407336,7752934,654402,1153955,1052228,101728,0,0,14130404,2628029,1778044,788911,61074,11209433,8636605,8000081,636524,2471526,1941073,530453,101302,101213,89,0,292942,29839377,28740268,1096251,2858,150730815
2012-07,120821061,23422538,14179861,7689254,1553423,97390963,61441787,55847783,5594005,31254817,29408291,1846525,4694359,4406736,287623,0,7560,59719236,30497949,21502282,7127474,1868193,29221287,19265287,17924351,1340936,8662929,8007670,655259,1293071,1186168,106903,0,0,14193346,2057523,1404616,602107,50800,11923245,8763898,8160940,602959,3058836,2495645,563191,100511,100430,80,0,212578,25898122,24771579,1123426,3116,149477981
2012-08,119568419,22868186,13840754,7454956,1572477,96694200,61152201,55467047,5685154,30871307,29035099,1836208,4670692,4388093,282599,0,6033,60111342,30595214,21499991,7204076,1891147,29516128,19415396,18056322,1359074,8755659,8018720,736939,1345073,1262505,82569,0,0,14042943,1849098,1384903,408826,55368,12111700,8588545,7977373,611172,3390034,2819380,570654,133120,133044,77,0,82145,23699420,22620617,1075273,3530,143994389
2012-09,120664907,23139775,13907679,7628534,1603562,97518766,61049672,55334947,5714725,31708959,29827556,1881403,4760135,4484278,275857,0,6365,59546243,30277041,21536471,6845590,1894981,29269202,19036333,17732502,1303831,8897881,8131672,766208,1334988,1250387,84601,0,0,14019443,2165041,1469414,647956,47671,11802722,8204973,7611836,593138,3429730,2869992,559738,168019,167943,76,0,51680,28243108,27108913,1130876,3319,149676116
2012-10,121265439,23086105,13658742,7731674,1695690,98172949,61337387,55582123,5755264,32047457,30169086,1878371,4788105,4507456,280649,0,6384,59864115,30457375,21393465,7201700,1862210,29406740,18728601,17405439,1323162,9171627,8437093,734534,1506512,1423185,83327,0,0,13814536,1877945,1379607,434501,63837,11890568,8327635,7781810,545825,3372252,2767540,604712,190681,190606,75,0,46024,26265063,25081370,1179128,4564,146949835
2012-11,121978289,23356950,13831123,7767049,1758778,98614920,61161450,55344199,5817251,32653304,30759280,1894025,4800166,4520807,279358,0,6420,59628012,30415165,21483972,6901207,2029986,29212847,18586630,17248514,1338116,9019371,8224072,795299,1606846,1525496,81350,0,0,13688240,1876462,1378569,426450,71443,11739415,8053917,7522634,531283,3512950,2905424,607526,172548,172473,75,0,72363,29278858,28155710,1118345,4803,141730676
2012-12,122220808,23079839,13574180,7755940,1749719,99134709,61224924,55264067,5960858,33112158,31152523,1959635,4797627,4523095,274532,0,6260,61189854,31628912,22013439,7306775,2308699,29560942,19186671,18030884,1155787,8890912,8135785,755127,1483359,1401586,81773,0,0,13884293,2239560,1476076,719385,44099,11635810,7970133,7415721,554412,3456616,2869469,587148,209062,208989,73,0,8923,30224595,29253408,968516,2671,137627628
2013-01,122787759,23037192,13603723,7711123,1722346,99743959,61384255,55371993,6012262,33632832,31662985,1969848,4726871,4447211,279661,0,6608,59550513,30023789,20841991,7352737,1829061,29526724,18834291,17732007,1102284,9055131,8363036,692095,1637302,1559071,78231,0,0,13470973,2069264,1383961,553314,131988,11392787,7743611,7258121,485490,3511333,2939044,572288,137843,137774,70,0,8923,38168214,37190115,974989,3109,132039341
2013-02,123419033,23187748,13657166,7806039,1724544,100227433,61586608,55447132,6139476,33823414,31792782,2030632,4817410,4526536,290874,0,3852,58919570,29267162,19970021,7404287,1892854,29652409,19178415,18091450,1086965,8819683,8117331,702353,1654310,1572786,81524,0,0,13197930,1832237,1417244,377665,37328,11358372,7632913,7128874,504039,3591817,3011303,580514,133643,133571,72,0,7321,40902156,39922759,976016,3381,128822550
2013-03,125877035,24630845,14982125,7938737,1709983,101241466,61958906,55618732,6340174,34373357,32208647,2164709,4909203,4602600,306604,0,4725,60839083,29722105,20751298,7096506,1874302,31116978,19958208,18866403,1091805,9179731,8405482,774250,1979039,1895715,83324,0,0,14096254,2103460,1372411,679380,51669,11975699,8403440,7853482,549958,3457540,2871541,585999,114719,114644,74,0,17095,33041787,32041197,997176,3414,128436333
2013-04,124864385,24687826,15054722,7927072,1706032,100171943,61977305,55585773,6391532,33463063,31376539,2086524,4731575,4433216,298359,0,4616,61184694,29553225,20148432,7598056,1806736,31631470,20561294,19438158,1123136,9002037,8184905,817133,2068139,1988854,79285,0,0,14648578,2012046,1549075,423608,39363,12620349,8746098,8169691,576407,3748660,3228407,520253,125591,123152,2439,0,16182,31733949,30730762,999834,3353,125511150
2013-05,124812722,24038338,14193248,8131107,1713982,100769747,62147111,55730050,6417061,33818129,31645882,2172247,4804507,4502568,301939,0,4638,61824057,30205723,21205823,7258548,1741352,31618334,20505373,19396111,1109262,9316257,8543953,772304,1796705,1726026,70679,0,0,15249489,1983194,1481811,476435,24948,13206782,9330155,8772390,557764,3733817,3199128,534689,142810,139859,2952,0,59513,35425023,34409795,1011106,4122,122273488
2013-06,125920953,24730749,14716039,8289102,1725609,101186645,62343955,55812752,6531203,33996183,31770216,2225967,4846508,4551053,295454,0,3559,60742158,31830293,22176692,7845619,1807983,28911864,18569716,17453219,1116497,8684885,7913381,771504,1657264,1557710,99555,0,0,15502088,2761729,1747985,938181,75563,12727856,9501864,9016765,485099,3119788,2569235,550553,106205,103287,2918,0,12502,37238709,36295672,938412,4625,122537911
2013-07,125460175,24587358,14620316,8251208,1715834,100868201,62204613,55788545,6416068,33946694,31439092,2507601,4716894,4433340,283554,0,4617,60701644,31726790,22340713,7401183,1984895,28974854,18720928,17589626,1131302,8642594,7860389,782205,1611333,1516956,94377,0,0,14246854,1944126,1455433,426622,62072,12290226,8471454,7998059,473395,3692400,3192801,499599,126372,123538,2834,0,12502,39306918,38164146,1137826,4947,120549429
2013-08,126090444,24510994,14531534,8214836,1764624,101575229,62618501,55661383,6957118,34088934,31813623,2275312,4867794,4581035,286759,0,4221,63419199,33411072,23866466,7722176,1822430,30008127,19842192,18725497,1116695,8386016,7706245,679771,1779919,1681596,98323,0,0,14040771,2033414,1503344,484321,45748,11994856,8249440,7763261,486179,3608266,3110797,497470,137150,134287,2863,0,12502,36841573,35707463,1131354,2756,116226551
2013-09,126507751,24752782,14810860,8086194,1855728,101751552,62610800,55624519,6986281,34410764,31948416,2462348,4729988,4438705,291283,0,3417,64683710,34320323,24063927,8333933,1922464,30363387,20089326,18964796,1124530,8446811,7753423,693388,1827249,1730401,96848,0,0,14184800,2440854,1570065,815724,55065,11684019,8251906,7753411,498495,3289028,2771973,517056,143084,140261,2824,0,59927,43327162,42177522,1146307,3332,114982452
2013-10,127578653,25682931,15832598,7999389,1850944,101892370,63133856,55934103,7199753,34145273,31846459,2298813,4613241,4326964,286277,0,3352,65564682,34631878,23790461,8670593,2170824,30932804,21024592,19926488,1098105,8207921,7528078,679843,1700291,1605221,95070,0,0,14826522,2391118,1794413,541849,54856,12375476,8659765,8133854,525911,3542422,3024096,518326,173289,164030,9260,0,59927,46993146,45788317,1201485,3344,112388631
2013-11,128539713,25474952,15301731,8424295,1748926,103063208,63911733,56498952,7412781,34457149,32099973,2357176,4694325,4394365,299960,0,1553,66022364,35104571,24790855,8266243,2047473,30917794,20847302,19746767,1100535,8488480,7835285,653195,1582012,1481920,100093,0,0,14486390,2277766,1636953,593222,47591,12148698,8428320,7937043,491277,3593278,3078132,515146,127100,124289,2811,0,59927,41760472,40614188,1142665,3618,108364004
2013-12,129727021,25528848,15536140,8205429,1787279,104194869,64535159,56728056,7807103,34952881,32576762,2376119,4706829,4404075,302753,0,3304,70780908,36864429,27518390,7551690,1794350,33916479,23648399,22421548,1226851,8670156,7991077,679079,1597924,1501681,96243,0,0,15138098,2441233,1582718,815876,42638,12636939,9161817,8687386,474431,3328441,2760544,567897,146681,144182,2499,0,59927,36588961,35474778,1111339,2843,109412927
2014-01,131490255,26453629,16529733,8165404,1758492,105033721,65230716,57208888,8021828,35026555,32693565,2332990,4776450,4480792,295658,0,2905,68777921,35373185,25807386,7762529,1803271,33404736,22572802,21279641,1293161,8837180,8125445,711735,1994754,1933449,61305,0,0,14854621,2333792,1634514,613441,85837,12460902,8804508,8312576,491932,3528344,2993621,534723,128050,125500,2550,0,59927,47996835,46912054,1080893,3888,104973472
2014-02,131719037,26855728,16721001,8335827,1798901,104860497,65205449,57050322,8155127,34969133,32616290,2352843,4685916,4392217,293699,0,2811,70444132,36585844,25900727,8275500,2409618,33858288,23118692,21838537,1280155,9190674,8518341,672334,1548921,1487024,61897,0,0,14381371,2260168,1493169,696450,70549,12061276,8397741,7955075,442665,3535500,2983147,552353,128036,125532,2504,0,59927,48113235,47065300,1044142,3792,98931507
2014-03,130394298,26362985,16133873,8410850,1818262,104028530,64988346,56737484,8250862,34387809,32059519,2328290,4652375,4365114,287261,0,2783,68948245,35510230,24614101,8408631,2487499,33438015,23041846,21816546,1225300,8875835,8191157,684678,1520334,1452548,67786,0,0,14717219,2705720,1681112,924219,100389,11696946,8278236,7904569,373667,3305060,2745287,559774,113650,111170,2480,0,314553,50456213,49432540,1019872,3801,96611164
2014-04,131119792,26993631,16665643,8524772,1803216,104123378,65105507,56673144,8432363,34383679,32001498,2382181,4634193,4334572,299621,0,2783,69064029,34245962,23773482,8320889,2151591,34818067,23533120,22334989,1198131,9304831,8622137,682695,1980116,1913183,66932,0,0,14847061,2296294,1655204,595377,45713,12337187,8513371,8156004,357367,3657710,3086830,570881,166105,163634,2471,0,213581,54651583,53578359,1067927,5296,96983659
2014-05,130534405,26921070,16466091,8637329,1817651,103612204,64840500,56336649,8503851,34146939,31783765,2363174,4624765,4321647,303118,0,1131,70049974,35187018,23792343,9110944,2283731,34862957,24740879,23560601,1180277,8630288,7949338,680950,1491790,1416802,74989,0,0,14590555,2164736,1372787,690492,101457,12243423,8455431,8052258,403174,3672835,3052867,619968,115157,112677,2480,0,182396,50280877,49247617,1028922,4339,91502407
2014-06,130756951,27800913,17090299,8863758,1846855,102954911,64300096,55781737,8518359,34099009,31744727,2354281,4555807,4254696,301111,0,1128,67883335,35492822,24897553,8515132,2080137,32390513,22859999,21673033,1186966,8190132,7521474,668658,1340383,1296860,43523,0,0,15500097,2282455,1672737,515398,94319,13035478,9035524,8620796,414728,3815164,3144328,670836,184790,182682,2107,0,182164,52695331,51699055,992517,3758,89867747
2014-07,131462942,28182325,17328001,9037727,1816596,103279481,64304388,55616707,8687681,34338891,31984644,2354247,4636202,4326511,309691,0,1136,67709749,36040274,25399192,8640946,2000136,31669474,22003652,20789169,1214483,8396651,7738410,658240,1269171,1229977,39194,0,0,15139005,2120589,1590551,439953,90086,12775331,8543885,8140167,403718,4047539,3352486,695053,183907,181742,2165,0,243085,51927010,50949280,973745,3985,88179107
2014-08,131261689,27930568,17094792,9030898,1804878,103329986,64255505,55411101,8844403,34404167,32057024,2347143,4670315,4387960,282355,0,1134,68935102,36603721,25613777,8993272,1996671,32331381,22760698,21544008,1216689,8313060,7656763,656297,1257624,1219309,38314,0,0,15042850,2397149,1694464,593717,108968,12488124,8344430,7939567,404863,3947915,3250463,697452,195779,193583,2196,0,157578,52824600,51842573,976437,5590,87410229
2014-09,131336685,27745265,16934460,9034292,1776513,103590287,64248913,55326808,8922105,34566788,32236741,2330048,4774586,4479357,295229,0,1134,69649238,36763440,25576357,9074825,2112258,32885798,23271893,22048178,1223715,8381684,7744745,636939,1232221,1187498,44724,0,0,15558008,2587732,1862782,637683,87267,12863733,8791272,8376518,414755,3887126,3180097,707028,185335,183039,2296,0,106543,54889592,53826670,1056828,6094,85752244
2014-10,132391804,28495579,17775583,9029470,1690527,103895091,64526511,55409737,9116773,34642253,32298954,2343299,4726327,4437055,289272,0,1135,70264549,37620977,26715210,8973783,1931983,32643572,23344199,22136098,1208101,8119118,7474845,644272,1180255,1136207,44049,0,0,15306239,2148015,1505155,528400,114460,13139912,9177062,8749723,427340,3843900,3134948,708952,118950,117419,1531,0,18312,57513058,56389048,1117854,6155,83718155
2014-11,133425595,29167508,18267934,9196061,1703512,104256950,64845071,55571757,9273314,34703060,32309363,2393697,4708820,4412454,296366,0,1137,72801788,38747850,27383335,9293221,2071295,34053938,24410812,23160538,1250274,8397199,7820924,576274,1245928,1202286,43642,0,0,15053752,2240971,1542945,585385,112641,12808593,8950323,8507001,443322,3729155,3018467,710688,129115,127565,1550,0,4188,57014108,55757488,1250162,6458,81660115
2014-12,138017958,31354616,19786310,9842634,1725673,106628670,66387562,56395198,9992364,35365555,32890525,2475030,4875553,4561582,313970,,,80427466,44030654,32451742,9394958,2183954,36396813,26951776,25514228,1437547,8263763,7685543,578221,1181274,1139714,41559,,,14886495,2545053,1724167,745572,75313,12241386,8651993,8181140,470853,3452821,2926222,526598,136572,135531,,,,47698352,46352735,1341668,3948,82940370
2015-01,139243669,31869308,20231038,9720550,1917721,107373229,66858573,57062750,9795823,35389739,32575733,2814005,5124917,4779286,345631,,,75821111,41996172,30264862,9339054,2392256,33824940,24471864,23107477,1364388,8197237,7589748,607489,1155839,1125884,29955,,,15215583,3273451,1965540,1107154,200757,11889866,8513075,7990321,522754,3300310,2812733,487577,76481,74887,,,,46063603,44839385,1219908,4310,79551596
2015-02,139294899,31503523,19966860,9596200,1940462,107790246,67244984,57029086,10215898,35344905,32836368,2508537,5200356,4849270,351086,,,74686974,41903628,29320680,9992182,2590766,32783346,23802569,22438189,1364380,7947795,7344912,602883,1032982,1002192,30790,,,14891899,2943164,1898153,836411,208600,11944547,8555037,7995645,559392,3300706,2825288,475418,88804,86702,,,,50957457,49602423,1350084,4950,78936020
2015-03,139346807,31878255,19888706,9865099,2124450,107467429,67264270,56775306,10488964,34828900,32322309,2506591,5374260,5007839,366422,,,73300198,41175799,28251697,10185961,2738142,32124399,23219972,21869187,1350784,7807819,7106764,701055,1096608,1066557,30051,,,14048049,2314854,1635792,607101,71962,11729007,8340308,7711251,629057,3221604,2681544,540060,167095,164672,,,,55669412,54412485,1252156,4770,77214824
2015-04,140113408,32988079,20750275,10154745,2083059,107125329,67082423,56442578,10639845,34796976,32259293,2537683,5245930,4885943,359987,,,73443760,41045025,28250909,10329729,2464388,32398735,23610079,22235855,1374224,7565531,6895360,670171,1223125,1197122,26002,,,14934934,2886452,2078232,648948,159273,12048482,8665046,7971207,693839,3248767,2662916,585851,134670,133456,,,,50918383,49600890,1312894,4598,73999878
2015-05,140508013,33585373,20861829,10547053,2176492,106922640,66864707,56109396,10755311,34708346,32136847,2571499,5349587,4974670,374917,,,73435061,41066772,28633397,9790257,2643119,32368289,23907726,22539759,1367967,7404990,6808122,596868,1055574,1026104,29470,,,14043890,2490307,1537057,812155,141095,11549272,8028265,7457910,570355,3367749,2791818,575931,153259,152018,,,,54104024,52762865,1335670,5489,73954257
2015-06,141393590,35106033,21619774,11133297,2352963,106287557,66415593,55542102,10873491,34589211,31995208,2594004,5282752,4907604,375148,,,75129993,43976343,30535052,10677717,2763574,31153651,23069772,21707894,1361878,6915198,6321938,593260,1168680,1141315,27366,,,14440971,2951632,1973443,836855,141334,11482076,8291394,7696304,595090,3126535,2579716,546819,64147,62920,,,,53252250,51841156,1406261,4834,74898780
2015-07,141228321,35949318,21968255,11599653,2381411,105279002,66236911,55158002,11078908,33742346,31152617,2589729,5299746,4917561,382184,,,73770616,44498901,30503750,11311890,2683261,29271715,21202049,19782841,1419208,6963418,6347212,616206,1106248,1076362,29886,,,14248132,2688858,1835408,742943,110507,11553027,8307031,7694739,612292,3144744,2607739,537005,101252,100019,,,,52126940,50696283,1425746,4911,69310329
2015-08,140948939,35917069,21811975,11637417,2467677,105031870,65884810,54684239,11200571,33924412,31260669,2663743,5222648,4848720,373928,,,76478568,46794881,32773550,11081694,2939637,29683687,21606239,20139727,1466512,7046962,6398411,648550,1030487,981316,49171,,,13771844,2736186,1924234,714480,97472,11029411,7743147,7122749,620398,3181867,2641027,540840,104398,103185,,,,54639699,53473376,1161902,4421,69111335
2015-09,141174874,36455739,22074951,11867381,2513407,104719135,65796367,54505510,11290857,33695128,31064098,2631030,5227640,4853135,374505,,,77190066,46855761,32502412,11461218,2892131,30334305,21983968,20497148,1486821,7100827,6486804,614023,1249510,1205918,43592,,,14246155,3083755,2239582,706626,137547,11156369,7678989,7049269,629720,3421419,2869978,551440,55962,54754,,,,54834091,53485355,1344102,4634,67938323
2015-10,141975099,36942342,22358185,12082104,2502054,105032757,65755064,54320724,11434340,33879291,31227980,2651311,5398402,5010319,388083,,,77316987,47215084,33015645,11308364,2891076,30101903,22083032,20528144,1554888,6873973,6233895,640078,1144898,1105313,39585,,,14403282,2930104,2015370,768257,146477,11468257,8038230,7396282,641948,3369009,2819523,549486,61019,59783,,,,62484505,61015859,1463305,5342,66099311
2015-11,143533259,38037165,23223262,12312075,2501828,105496094,66052928,54391365,11661563,33915120,31221154,2693966,5528046,5125037,403009,,,79400241,48782175,34761632,11304171,2716373,30618066,22493340,20879158,1614182,6927699,6274787,652912,1197027,1160592,36436,,,14417392,2933857,2087915,736096,109847,11479441,8160817,7529192,631625,3245673,2698396,547277,72951,71662,,,,61786730,60425312,1357297,4122,68196934
2015-12,146780340,39900116,24701239,12540822,2658055,106880224,66979335,54774530,12204805,34411525,31659713,2751812,5489365,5092714,396650,,,91433432,59003818,43506347,12475542,3021929,32429613,25083994,23431390,1652605,6185762,5561818,623944,1159857,1109844,50013,,,15201893,3326999,2473658,775175,78167,11870800,8576515,7920149,656366,3192324,2630379,561946,101960,100687,,,,44296305,42959088,1333614,3603,71074554
2016-01,148404240,40740144,25240011,12750202,2749931,107664096,67763968,55332575,12431393,34390380,31600050,2790330,5509748,5116525,393223,,,87292178,56050361,39898864,12744155,3407342,31241817,24114337,22408215,1706122,5993510,5360676,632834,1133970,1083645,50325,,,14795805,3512032,2598805,846038,67190,11283773,8420418,7818673,601744,2802855,2247523,555332,60500,59225,,,,43931917,42497515,1430716,3686,69445482
2016-02,147951653,41322728,25450068,13026441,2846219,106628925,67326861,54718847,12608015,33811791,31045347,2766444,5490273,5097276,392997,,,86647699,55554890,38562142,13637753,3354996,31092809,23894426,22196044,1698382,5969949,5355646,614303,1228434,1179156,49278,,,16075516,3878696,2740643,1026705,111349,12196820,8780734,8145869,634865,3352680,2816896,535783,63406,62658,,,,47792508,46408116,1380350,4042,69421053
2016-03,148262300,42088141,25761758,13335044,2991340,106174159,67237840,54500943,12736897,33650971,30931054,2719917,5285348,4919463,365885,,,84846357,53294097,36201278,13542508,3550312,31552259,24689508,22995579,1693929,5653088,5139274,513815,1209664,1160650,49013,,,15137499,3164095,2265624,810642,87829,11973405,8886829,8262828,624001,3029296,2583718,445578,57280,56524,,,,54914155,53533337,1376096,4722,69028406
2016-04,150444528,44402508,27499454,13852907,3050146,106042021,67227551,54260484,12967067,33469280,30800182,2669098,5345190,4980095,365095,,,85238734,55299940,37812272,14110578,3377090,29938794,23282290,21641535,1640755,5476646,4949984,526663,1179858,1129992,49866,,,15849074,3348250,2449279,780135,118836,12500823,9368267,8744107,624160,3061770,2654539,407231,70786,70030,,,,57251991,55863850,1383214,4927,66904196
2016-05,152348425,45824093,28477785,14282964,3063344,106524332,67390734,54212490,13178244,33617291,30947504,2669786,5516307,5147231,369076,,,86859016,55829480,39246816,13377995,3204669,31029536,24465601,22817786,1647815,5367625,4802074,565551,1196311,1147100,49210,,,17000451,3603448,2616683,873701,113064,13397004,10323645,9715488,608157,2998613,2610695,387918,74747,73969,,,,56385644,55034468,1347271,3905,66307193
2016-06,154480293,47716609,29831829,14722811,3161969,106763684,67627333,54250631,13376702,33607266,30939943,2667324,5529085,5150820,378264,,,87343617,57030427,39952721,13918969,3158737,30313189,24052985,22409254,1643731,5163389,4605259,558130,1096815,1032409,64407,,,17606446,3704605,2701131,909173,94301,13901842,10936157,10333508,602649,2922315,2542582,379733,43370,42557,,,,51714778,50424243,1286045,4490,65401578
2016-07,154302605,48525517,30210815,15118013,3196690,105777088,67213809,53843583,13370227,33087796,30452320,2635477,5475482,5098583,376899,,,84722644,56690633,39183642,14310593,3196399,28032011,21750629,20115854,1634775,5274953,4752191,522762,1006429,943385,63044,,,18146342,4027930,3000672,904541,122717,14118412,11148944,10585475,563470,2919461,2551874,367587,50007,49203,,,,59481107,58192201,1284071,4836,65375201
2016-08,153888010,48418877,29910444,15222682,3285751,105469132,67028228,53649850,13378379,32952393,30354760,2597633,5488512,5112789,375723,,,87132077,57632276,40534325,13961636,3136315,29499801,23685729,21957772,1727957,4772392,4294482,477911,1041680,973927,67753,,,17475723,3440118,2520858,825866,93394,14035606,11053591,10494587,559004,2922050,2561982,360069,59965,59166,,,,57493156,56110050,1377651,5455,63524093
2016-09,154274289,49042283,30217564,15540943,3283776,105232006,66868719,53507499,13361221,32864880,30293024,2571856,5498407,5136029,362378,,,87649222,58543403,41373247,14112851,3057304,29105819,23216513,21493141,1723372,4823184,4348859,474325,1066122,998386,67735,,,16606118,3718765,2679014,933332,106419,12887353,9957615,9425219,532396,2870264,2526934,343330,59474,58677,,,,62374803,60817632,1552688,4483,62468542
2016-10,155833825,50114799,30995899,15904323,3214578,105719027,66658992,53532846,13126146,33469259,30601244,2868015,5590776,5217702,373074,,,87958840,59544851,42905169,13768996,2870686,28413989,22534613,20733759,1800854,4634235,4160820,473415,1245142,1155026,90115,,,15086196,3707625,2652419,961412,93794,11378571,8399085,7902116,496969,2922087,2536187,385900,57399,56571,,,,73472040,71874703,1592436,4901,63032799
2016-11,158536173,52128568,32630097,16322548,3175923,106407605,67452899,53863866,13589033,33243237,30723807,2519430,5711469,5342596,368873,,,89348137,60417385,43970630,13849474,2597281,28930752,23310387,21502394,1807992,4528332,4060153,468179,1092033,987989,104045,,,15264749,4017421,2819474,1089584,108362,11247328,8341953,7893764,448189,2764310,2391050,373260,141066,140208,,,,70032039,68359221,1668243,4575,63054216
2016-12,163462018,55481141,35205521,16824483,3451138,107980877,68437256,54599967,13837289,33787585,31060572,2727014,5756036,5377163,378873,,,95174912,64526128,48355257,13352980,2817891,30648784,25025574,23200129,1825445,4663751,4200650,463102,959459,863432,96027,,,15629672,4041319,2688882,1241839,110599,11588352,8738343,8337986,400357,2797072,2524127,272946,52937,52071,,,,58584472,56842630,1737761,4081,60250672
2017-01,162929042,55313082,34907510,17005944,3399629,107615960,68561189,54604635,13956554,33329013,30750435,2578578,5725758,5358200,367558,,,92272503,62701618,45117744,14509114,3074760,29570884,24580265,22782536,1797729,4016938,3594562,422376,973681,888592,85090,,,15334682,4263684,2834663,1310354,118668,11070998,8212490,7798900,413591,2803306,2560036,243270,55202,54355,,,,64063616,62441203,1618158,4256,57907071
2017-02,164745853,56826868,35792091,17504515,3530262,107918984,68730553,54540423,14190130,33413132,30808707,2604425,5775300,5414251,361049,,,92017148,62025078,44344421,14735875,2944782,29992071,24987510,23047078,1940433,4000737,3579944,420794,1003823,902735,101088,,,14916395,3881944,2947583,838650,95711,11034451,8277233,7859555,417678,2703802,2460616,243186,53417,52559,,,,62805655,61174402,1625472,5782,59235805
2017-03,166285988,58450107,36781005,17970231,3698871,107835881,68797531,54265058,14532473,33189034,30762561,2426472,5849317,5492416,356901,,,92860472,61587253,43617062,14720537,3249654,31273219,26278673,24396657,1882016,3988725,3559692,429033,1005821,911275,94547,,,14993141,4153041,3063543,918974,170524,10840100,8321840,7920217,401623,2464897,2225188,239709,53362,52505,,,,65557480,63967639,1583354,6488,59160961
2017-04,167166445,59859344,37583432,18490754,3785158,107307101,68590071,53895294,14694776,32977824,30536314,2441510,5739206,5381761,357446,,,93895968,63172568,43647779,16576825,2947964,30723401,25660394,23711112,1949282,3922876,3482987,439889,1140130,1057285,82846,,,15498287,4469380,3251900,1108111,109370,11028907,8471028,8060086,410942,2431618,2194333,237285,126261,125426,,,,74589545,73013722,1569277,6546,58391877
2017-05,167726876,60629705,37740257,18967384,3922064,107097171,68385597,53620832,14764765,32995274,30542392,2452883,5716300,5361729,354572,,,96781751,64791593,45890802,16007541,2893249,31990158,27138773,25196129,1942644,3815349,3330524,484825,1036037,939249,96787,,,14473339,3832208,2742248,965194,124766,10641131,8112511,7720618,391893,2451660,2170850,280809,76961,76139,,,,73661419,71962238,1692873,6308,58979194
2017-06,168780816,62359019,38920223,19526915,3911880,106421797,68155874,53316675,14839199,32659100,30180132,2478968,5606824,5264550,342274,,,94158202,64214493,45553275,15507450,3153767,29943710,25556761,23688645,1868116,3505926,3031091,474835,881023,788463,92560,,,15457694,4227035,3086902,1016878,123255,11230658,8666535,8271700,394835,2495236,2200672,294564,68887,67419,1468,,,69120355,67509588,1596485,14282,58422957
2017-07,170051693,63881776,39829778,20030747,4021252,106169917,67990625,52975835,15014790,32619432,30145680,2473752,5559860,5216405,343455,,,94087322,65782652,47203573,15386467,3192612,28304669,23494456,21632403,1862053,3810245,3304871,505374,999968,911251,88717,,,15775905,4550647,3228976,1166679,154993,11225258,8628825,8249346,379480,2543928,2249343,294585,52505,51076,1429,,,67608118,65971997,1620706,15414,57166951
2017-08,170852793,64533520,39982415,20350994,4200111,106319273,67909038,52830325,15078713,32801965,30285213,2516753,5608270,5265349,342921,,,97758784,67490467,48601124,15451634,3437709,30268317,25458337,23623053,1835285,3817748,3312394,505354,992232,904766,87466,,,15689677,4261497,3049578,1057219,154700,11428180,8785022,8395748,389274,2583558,2287575,295983,59600,58179,1421,,,70465679,68650220,1793945,21515,55672895
2017-09,171515970,65273313,40193543,20652783,4426987,106242657,67620909,52525309,15095600,32913255,30353689,2559567,5708493,5353692,354801,,,98524742,67635282,48352952,15762056,3520274,30889460,26076199,24287749,1788450,3763406,3268455,494951,1049855,962212,87643,,,15856913,3973644,2628615,1155535,189494,11883269,9188954,8801905,387049,2625332,2372633,252699,68983,67550,1433,,,66193713,64416741,1744070,32902,55401701
2017-10,172942383,66789443,41173021,21197910,4418512,106152940,67329282,52196997,15132284,33021658,30419930,2601728,5802001,5441068,360933,,,101461091,68670108,48513450,17077158,3079500,32790983,27513425,25687515,1825909,3954583,3446945,507638,1322975,1238627,84348,,,16270013,4018387,2756504,1139727,122156,12251626,9350036,8985945,364091,2842074,2624087,217987,59516,58052,1463,,,68666378,66724060,1869932,,54740726
2017-11,174245879,67581580,41502823,21816059,4262698,106664299,66789905,52076226,14713679,34110134,30972405,3137729,5764260,5400412,363848,,,101257010,67782829,47391893,16969202,3421734,33474182,28013913,26190116,1823797,3903745,3401460,502284,1556524,1477940,78583,,,17195154,4122662,2751669,1241125,129868,13072492,10224602,9869981,354620,2802890,2583276,219615,45000,43549,1450,,,65289747,63339601,1854919,,55434813
2017-12,178659861,70890422,43995359,22599785,4295278,107769440,67558238,52358390,15199848,34420989,31307967,3113022,5790213,5438333,351880,,,106126249,70882081,51041985,16402570,3437525,35244169,30412186,28493908,1918278,3798267,3306447,491819,1033716,973386,60331,,,17710455,4066748,2684725,1269478,112545,13643708,10613545,10097821,515724,2980829,2761797,219031,49334,47894,1440,,,53906000,51941631,1955616,8753,55032753
2018-01,179912717,71819585,44174112,22923787,4721687,108093131,68415104,52769855,15645249,34044937,31424826,2620112,5633090,5295708,337382,,,103831702,68428803,48582706,16441308,3404789,35402899,31051281,29004403,2046878,3372688,2909570,463118,978930,918883,60048,,,18852719,4790958,3134751,1540319,115888,14061762,10950813,10416174,534638,3071041,2806721,264320,39908,38527,1381,,,51670792,49696213,1963157,11422,56362044
2018-02,182111649,73715025,45480996,23497834,4736195,108396624,68425764,52785600,15640164,34170085,31516489,2653596,5800775,5460230,340546,,,104956600,67841429,48177442,16298241,3365745,37115171,32297251,30241711,2055540,3683472,3204604,478869,1134448,1068613,65835,,,18476671,5069178,3642515,1290649,136014,13407493,10066022,9556095,509927,3294380,3030120,264260,47091,45685,1407,,,56935134,55186713,1726669,21752,55661942
2018-03,182470249,73428293,44970443,23974926,4482924,109041956,68605199,52962706,15642493,34359253,31671465,2687787,6077504,5741728,335776,,,103439438,65810725,46407617,15905595,3497513,37628713,32946954,30904760,2042194,3541831,3055843,485989,1139929,1075255,64674,,,17717028,4143309,2833436,1174212,135661,13573719,10190904,9782479,408424,3310172,3044145,266027,72644,72006,,,,54843344,53072169,1760442,10733,55815894
2018-04,183707387,74652113,45294779,24739464,4617869,109055275,68309246,52654034,15655212,34585258,31867890,2717368,6160771,5817558,343213,,,104763404,66835527,46848401,16843636,3143490,37927877,32925089,30915902,2009187,3896506,3410272,486234,1106283,1035649,70634,,,18528797,5003914,3502399,1378575,122940,13524882,10251447,9874597,376850,3174790,2980673,194117,98645,97995,,,,56010346,54297548,1669095,43703,56892683
2018-05,184604864,75378012,45192390,25576374,4609248,109226852,68094972,52488514,15606458,34799390,32031838,2767552,6332490,5977355,355135,,,105892553,67049323,46890582,17042739,3116001,38843230,33907433,31962478,1944954,3888116,3363341,524775,1047682,971140,76542,,,18184725,4319548,2964842,1216192,138514,13865177,10688058,10318643,369415,3129128,3003865,,47991,47320,,,,56158141,54464784,1673924,19433,53789737
2018-06,187772731,78402136,46545088,27316903,4540145,109370595,67890324,52186459,15703865,35125023,32316330,2808693,6355247,6002879,352369,,,107106337,68549938,48689161,16780204,3080573,38556399,33091974,31130001,1961972,4474192,3937340,536852,990234,912549,77685,,,18047587,4343354,2834921,1366370,142063,13704233,10337090,9996718,340371,3323701,3177953,145747,43443,42767,,,,48297011,46499319,1728175,,52409568
2018-07,188956041,79484863,46843268,28058736,4582859,109471178,68009760,52177829,15831931,35257817,32433748,2824069,6203601,5858065,345535,,,103234177,68764814,48230840,17291321,3242654,34469362,29992268,28106932,1885335,3551077,2976416,574661,926018,856611,69407,,,18219286,4138260,2834981,1163043,140236,14081026,10561940,10229696,332243,3475914,3365998,109916,43172,41795,1378,,,53400402,51706251,1673353,20798,51394102
2018-08,189900068,79687034,46995532,28119065,4572438,110213034,67494198,52074687,15419511,36496016,33103572,3392445,6222820,5869635,353186,,,106461765,70756659,49710719,17514389,3531551,35705106,31291798,29489030,1802769,3553482,3021597,531885,859826,789911,69916,,,17931977,3792461,2509859,1127561,155040,14139516,10501437,10127258,374179,3591602,3481587,110016,46477,45089,1388,,,52542108,50706379,1783859,51870,52270121
2018-09,191138825,80034222,46959920,28499447,4574855,111104604,67841565,52147752,15693813,36978160,33519951,3458209,6284879,5934474,350405,,,106114745,69894269,49735414,17000068,3158787,36220475,31572352,29733653,1838700,3649593,3110312,539281,998530,927211,71319,,,17408514,4120426,2745446,1247233,127747,13288087,9765451,9404450,361001,3490111,3357818,,32526,31123,1403,,,53690587,51770881,1891293,28413,52948095
2018-10,192540580,81077893,47460366,29105999,4511527,111462688,68817243,52631894,16185350,36475578,33513148,2962430,6169866,5810334,359532,,,107487626,69489919,48890014,17721427,2878477,37997707,33092635,31199289,1893346,3892779,3342352,550427,1012293,938298,73995,,,17371702,4486698,2605664,1734218,146816,12885005,9250768,8906984,343784,3548862,3424828,,85375,83933,1442,,,63149579,61039640,1987231,,52145861
2018-11,195717528,83651253,49485647,29677888,4487718,112066275,69158356,53018899,16139457,36748309,33726690,3021619,6159610,5790547,369064,,,110689423,72396237,51647498,17898128,2850611,38293186,33239786,31282384,1957402,4037046,3493811,543235,1016355,930818,85537,,,18058832,5052832,3071587,1848718,132527,13006000,9277782,8960568,317214,3695686,3565643,,32532,31095,1437,,,50851330,48680314,1975919,,53317016
2018-12,198726319,85196588,50548084,30124240,4524264,113529731,69813619,53279410,16534209,37293910,34128014,3165896,6422202,6044027,378176,,,112287793,76146311,55814889,17283625,3047798,36141482,31166710,29165359,2001351,3964049,3343565,620484,1010723,902821,107902,,,18663964,5187622,3130366,1949328,107928,13476342,9894743,9673955,220787,3561899,3340171,221728,19701,18274,1428,,,50529942,48817144,1702903,9894,51686928
2019-01,201562308,86327535,50614413,31065213,4647910,115234773,70233024,53588995,16644029,38703821,35351523,3352298,6297929,5915061,382867,,,110979925,72872627,52281575,17353979,3237073,38107298,33044594,31073551,1971043,3871545,3296315,575230,1191158,1082371,108788,,,18778652,4963455,2945016,1872245,146194,13815197,9849842,9571384,278457,3937700,3336715,600985,27656,15939,,,,52515432,50821345,1682965,11123,50772994
2019-02,203303148,87885626,51596376,31602075,4687175,115417522,69980094,53132692,16847402,39118995,35683110,3435885,6318434,5929397,389037,,,110547586,71701943,50807217,17690542,3204184,38845643,33861831,31952886,1908945,3769261,3203056,566205,1214552,1104856,109696,,,19352751,4932074,3100570,1725950,105554,14420677,10428257,10144752,283505,3880222,3287196,593026,112198,99975,,,,47296560,45630916,1652960,12685,49307545
2019-03,204141043,87668715,51048347,32113097,4507271,116472328,70238124,53085407,17152717,39816262,35845170,3971091,6417943,5997760,420183,,,108610874,70886515,49824512,17828782,3233221,37724359,33128043,31224380,1903664,3704456,3132874,571582,891859,783158,108701,,,18068221,4682959,2987998,1562183,132778,13385262,9810366,9538731,271634,3487066,3330585,156481,87831,85918,1912,,,49111524,47431528,1593158,,46085001
2019-04,206401196,91082714,53524169,32832405,4726139,115318482,69512878,51986137,17526741,39538599,35577417,3961182,6267005,5850464,416542,,,112426534,74051420,51581878,19239446,3230096,38375114,34008984,32079684,1929300,3473612,2872185,601427,892518,782548,109970,,,18566080,5302640,3597440,1556575,148625,13263440,9811007,9553001,258006,3389511,3234662,154849,62922,61009,1914,,,45255395,43604769,1562495,,48193502
2019-05,207089145,91096864,53035003,33364911,4696949,115992281,70078943,52266943,17812001,39526597,35508885,4017712,6386740,5954607,432134,,,112449148,72299994,50390036,18616168,3293790,40149154,35691816,33735269,1956548,3488185,2899679,588507,969152,858214,110939,,,17105605,4687831,3244052,1273363,170417,12417774,9019899,8744743,275156,3316164,3159930,156234,81711,79791,1920,,,47410614,45889716,1455974,,49226595
2019-06,209209817,93470644,54373814,34338437,4758393,115739173,70022375,51994083,18028292,39455504,35362822,4092682,6261294,5823850,437445,,,108606218,73292183,50711637,19208951,3371594,35314035,31017823,29022757,1995066,3289380,2695740,593640,1006832,899783,107049,,,19159020,5956781,4108094,1666541,182146,13200544,9831963,9542522,289441,3305129,3148096,157033,63452,61577,1875,,,42236095,40792885,1426218,16993,48016214
2019-07,210123262,94594118,54943451,34943072,4707594,115529145,69626489,51312667,18313822,39497976,35330727,4167249,6404679,5963297,441382,,,109880704,74340606,52476208,18692619,3171779,35540098,30809405,28823431,1985974,3666454,3080258,586196,1064239,953455,110784,,,17836986,5067105,3242978,1672195,151933,12769880,9343216,8980625,362591,3353698,3128423,225274,72967,71052,1915,,,58158524,56646036,1452024,,48070318
2019-08,210799063,94766378,54415524,35489128,4861727,116032685,70141684,51654159,18487525,39518390,35252198,4266192,6372611,5931822,440789,,,113192563,76234756,53664435,19456129,3114192,36957806,32420273,30356194,2064078,3505511,2913716,591795,1032023,918068,113955,,,17701644,5471627,3534956,1785733,150937,12230017,8679519,8323605,355914,3412556,3172678,239878,137942,136011,1931,,,58925647,57309062,1485671,,48591832
2019-09,212439804,96093654,54661674,36493563,4938418,116346150,70280070,51536687,18743383,39705169,35337461,4367708,6360910,5908244,452666,,,115978934,81636006,59234704,19184618,3216685,34342928,30090651,28002765,2087886,3235287,2602202,633085,1016990,903506,113484,,,17683684,5395005,3477314,1705304,212386,12288680,8677580,8285007,392572,3483121,3266065,217056,127979,126018,1961,,,55409865,53832353,1530706,46806,48056148
2019-10,214262653,97724664,55587375,37253834,4883455,116537989,70526401,51430665,19095736,39751202,35304956,4446246,6260387,5811768,448619,,,117719636,79665826,56732783,19557117,3375926,38053810,33728569,31562582,2165987,3337332,2679948,657385,987908,873767,114141,,,18316586,6135188,3736548,2257153,141487,12181398,8613986,8200400,413586,3446414,3230313,216100,120999,119069,1930,,,55686776,54014803,1626130,45843,49080206
2019-11,217356842,100045217,56975367,38127559,4942290,117311625,70901566,51576102,19325464,40077814,35495236,4582578,6332245,5868103,464142,,,121455385,84425533,60689594,20244576,3491363,37029853,32577835,30355195,2222641,3433490,2797909,635581,1018528,907508,111020,,,17798676,5886777,3220819,2459076,206881,11911899,8426623,8012840,413782,3290463,3007857,282606,194814,192847,1967,,,43513525,41714500,1666163,,48232396
2019-12,222398901,103848436,59587409,39008233,5252794,118550465,71547008,51750852,19796156,40755148,36046653,4708495,6248309,5783187,465122,,,127903492,91937796,67357953,20996261,3583582,35965696,31282845,28975121,2307724,3561194,2909475,651719,1121657,1005600,116057,,,17384369,5883008,3743436,1995431,144141,11501361,8167534,7731618,435916,3207796,3011507,196290,126031,124101,1930,,,36179879,34546106,1624313,9461,47068855
2020-01,223424056,104272710,59396730,39361173,5514808,119151346,72206399,52325111,19881289,40658206,35950617,4707589,6286741,5808590,478152,,,124061536,87033382,62488690,21122556,3422136,37028154,32303236,30056712,2246524,3545362,2908324,637038,1179556,1062745,116811,,,17055603,5478136,3487411,1785579,205146,11577467,8213500,7766190,447310,3228462,3021199,207263,135505,133550,1955,,,57797803,56274032,1510406,13366,45084826
2020-02,226797539,107215405,61088209,40841936,5285260,119582134,72525995,52493205,20032790,40740038,35993854,4746184,6316101,5827840,488261,,,121980480,84101739,59201630,21597990,3302120,37878741,33185442,30920649,2264793,3577908,2929586,648321,1115391,998798,116593,,,18764455,5934659,3815027,1907123,212510,12829795,9471248,9006576,464672,3232692,3023868,208824,125855,124324,1532,,,53440771,51898207,1528456,14108,45964064
2020-03,230909338,111954576,61442433,44419683,6092459,118954763,71974653,52222772,19751882,40676158,35981547,4694610,6303952,5816951,487000,,,127473990,89240637,59855876,25569633,3815127,38233353,33367834,31168917,2198917,3725990,3085572,640418,1139529,1042497,97032,,,17346898,6665570,4033618,2396588,235364,10681329,8547533,8088368,459164,2018147,1875226,142921,115649,114104,1545,,,51088403,49682989,1373802,31612,46428567
2020-04,236890617,116606919,64920232,45546645,6140042,120283697,73066250,52823608,20242641,40675340,36076595,4598745,6542108,6061020,481088,,,123571927,86160982,57321483,25180639,3658860,37410945,32827321,30653870,2173450,3379448,2740289,639160,1204177,1101384,102793,,,17969118,6902618,4071671,2568149,262798,11066501,8936209,8439769,496440,1997327,1855110,142217,132965,131400,1565,,,46048214,44649479,1317648,,46728860
2020-05,238501905,117591334,65237812,46152243,6201279,120910572,73826767,53126694,20700073,40675286,36184633,4490654,6408519,5948650,459869,,,127230940,89169921,60060213,25248301,3861407,38061019,33645892,31448281,2197612,3302439,2666139,636299,1112688,1011715,100973,,,17813372,6926664,4176176,2524240,226249,10886708,8873267,8373331,499936,1913288,1789093,124195,100153,98624,1529,,,58745550,57507008,1209294,29248,47727396
2020-06,239423529,118501275,65662718,46508493,6330065,120922254,74004765,53159958,20844808,40574858,36152606,4422252,6342630,5899445,443185,,,125512466,90359046,61530464,24881877,3946705,35153421,30629338,28459814,2169524,3419244,2788084,631160,1104839,1002751,102088,,,17163312,6626141,4420636,1978263,227242,10537171,8328114,7868699,459415,2092580,1970712,121868,116478,114959,1519,,,50560879,49303752,1244866,12261,45680292
2020-07,239996122,119714166,66367478,47203771,6142918,120281956,73975096,53161079,20814017,40299448,36003597,4295851,6007412,5596092,411320,,,126337030,90770045,61727477,24798780,4243788,35566986,31169229,28970080,2199149,3374570,2734267,640303,1023187,926160,97027,,,17333219,6669599,4024773,2414063,230764,10663620,8571570,8119124,452446,2012760,1913006,99753,79290,78591,,,,63367519,62048111,1265831,,45482908
2020-08,240811530,120628418,66571748,47619490,6437180,120183112,74060813,53232327,20828486,40213059,36022397,4190662,5909239,5505104,404136,,,131926118,94981013,65671323,24746853,4562837,36945105,32550687,30318464,2232223,3397891,2796698,601193,996527,900199,96328,,,16928395,6412811,3918239,2181473,313099,10515584,8396772,7948112,448660,2042192,1946869,95323,76621,75924,,,,61546355,60209771,1272397,,45885025
2020-09,243989196,123181659,67881991,48872512,6427156,120807537,74126295,53334656,20791638,40492644,36343940,4148704,6188598,5779932,408666,,,136200302,99883791,69791108,25349092,4743590,36316511,31883795,29647448,2236347,3331957,2731652,600305,1100758,994850,105908,,,16956353,6434230,3903770,2266752,263708,10522123,8356939,7927283,429657,2091170,1996505,94665,74014,73301,,,,47012717,45701260,1268022,43435,45609924
2020-10,249742297,128028911,71253211,50242436,6533265,121713386,74788787,53797322,20991466,40728109,36671771,4056338,6196489,5799174,397316,,,137786141,99464483,69124197,25866912,4473374,38321658,33908706,31676785,2231921,3344040,2715712,628328,1068913,960376,108537,,,16592687,6003195,3834395,1890444,278356,10589493,8407957,7972888,435069,2106415,2012265,94150,75122,74385,,,,47154253,45607424,1468962,,44901263
2020-11,252034303,130812125,72689873,51560324,6561929,121222178,74808492,53823560,20984932,40433320,36537561,3895759,5980366,5598528,381838,,,140240905,100855262,69534692,26611566,4709005,39385643,34921869,32630328,2291541,3415459,2780787,634672,1048315,949970,98345,,,18004400,7738465,4352049,3119726,266690,10265935,8113154,7672309,440844,2079190,2061416,17774,73592,72871,,,,40356684,38757202,1479370,,44985885
2020-12,256679191,133672706,75103866,51976370,6592470,123006485,76323302,54822288,21501014,40696019,36903916,3792103,5987164,5620143,367022,,,147364288,108454292,75991296,27383977,5079019,38909996,34551269,32278418,2272851,3326493,2686930,639562,1032235,934490,97744,,,16632083,5985128,3908517,1826128,250483,10646955,8462856,8010596,452260,2088829,2073905,14923,95270,94491,,,,58233108,56568060,1656637,,44523617
2021-01,259959467,136460868,76564547,52822883,7073439,123498599,76729070,55077640,21651430,40626374,36884493,3741882,6143155,5777018,366136,,,145213507,104846408,73178753,26700565,4967091,40367099,36193446,33962960,2230486,3248369,2600987,647382,925283,830394,94890,,,16803122,6397639,4028011,2084643,284986,10405483,8169989,7711548,458440,2140185,2127598,12588,95309,94527,,,,62226001,60754459,1460162,11380,43544132
2021-02,262462567,138641084,77586577,54042702,7011805,123821483,77224017,55443908,21780109,40439087,36769290,3669797,6158379,5802847,355532,,,146967304,104782187,72092764,27587140,5102283,42185118,38011819,35769098,2242721,3303103,2631989,671113,870196,774215,95981,,,18219418,7325789,4225653,2805778,294358,10893629,8799759,8238431,561328,1992075,1979619,12456,101795,101013,,,,54215393,52652737,1502787,59869,42324811
2021-03,264570038,140547141,78039314,55157237,7350591,124022897,77255453,55411018,21844435,40491357,36893062,3598294,6276087,5922086,354002,,,148807158,104908031,72155097,27761730,4991204,43899127,39756525,37486686,2269838,3292700,2623797,668903,849903,747892,102010,,,17523588,6438852,3992449,2180522,265882,11084735,8907420,8341131,566289,2072369,2059959,12410,104947,104134,,,,51917746,50374545,1487250,,43982483
2021-04,266517504,142862077,79750463,55866712,7244903,123655426,77348838,55211826,22137012,40328266,36751421,3576845,5978322,5631444,346878,,,149080889,105575291,72785976,27732665,5056651,43505598,39457447,37111382,2346065,3376788,2693693,683095,671363,576231,95132,,,17741113,6420840,3941841,2193534,285465,11320273,9181800,8621355,560445,2042146,2014954,27192,96327,95537,,,,66343654,64777078,1458315,,44894775
2021-05,266567550,143547121,79725333,56572224,7249564,123020429,77153870,54937873,22215996,40061767,36553352,3508415,5804793,5463812,340981,,,152121972,107068618,73447281,28143930,5477407,45053354,41002295,38641418,2360878,3362850,2656963,705887,688209,589324,98885,,,17214255,6732658,4106899,2310310,315449,10481597,8332490,7783362,549128,2053411,2026199,27212,95696,94908,,,,60959658,59551020,1389048,19590,43918836
2021-06,268500941,157199023,92070533,57527043,7601448,111301918,65680190,54696092,10984098,39743876,36256032,3487844,5877853,5526148,351705,,,150794870,108334308,74674623,28581842,5077844,42460562,38370945,35844203,2526742,3398295,2655742,742553,691322,594896,96426,,,18787785,7279155,4788830,2054939,435386,11508630,9221664,8681078,540586,2187903,2071630,116273,99063,98258,,,,49806697,48366123,1420147,20428,44937035
2021-07,270553099,159561508,93120794,58694160,7746553,110991592,65616724,54569662,11047062,39570789,36045194,3525594,5804079,5450812,353267,,,153181225,112269449,76877935,30374917,5016597,40911775,36680624,34007041,2673584,3594476,2826547,767929,636675,542995,93680,,,18599740,6437454,4098114,2016831,322509,12162286,9742558,9213840,528718,2319191,2203192,116000,100538,98949,1589,,,67431268,65979866,1321634,,45184168
2021-08,271489161,160749719,92901592,60135674,7712453,110739443,65443484,54568157,10875327,39482008,35956506,3525502,5813951,5464844,349107,,,159080418,116054031,80300041,30600258,5153732,43026387,38793773,36096249,2697524,3614400,2856078,758322,618214,517864,100350,,,19337057,6947143,4557317,2076726,313099,12389915,9696299,9164467,531832,2590016,2484686,105330,103600,102788,,,,65847778,64498011,1284581,,45851205
2021-09,273088831,162658567,93174253,61608257,7876058,110430264,65013113,54315558,10697555,39490626,35981216,3509411,5926525,5579107,347418,,,159265278,117036658,80264348,31283589,5488722,42228620,37984142,35223635,2760507,3580207,2803903,776304,664271,563222,101049,,,20099334,7340498,4709504,2339090,291904,12758836,10133278,9615438,517839,2522367,2415498,106869,103191,102366,,,,67243529,65822537,1354736,,43242462
2021-10,277156619,166759856,96079403,62755096,7925358,110396764,65040062,54292681,10747382,39542427,35992494,3549933,5814275,5482219,332055,,,160728144,117868310,80020840,32291552,5555917,42859834,38386575,35931552,2455024,3868397,3046785,821612,604862,505095,99768,,,20406280,7327545,4252833,2801043,273668,13078735,10523070,10004560,518510,2453682,2346238,107444,101983,101229,,,,55490830,54006792,1422712,,43565264
2021-11,277788483,167488042,96031257,63491468,7965317,110300441,64994994,54424833,10570161,39428222,35928863,3499359,5877225,5532930,344295,,,164449360,119955419,81904063,32510528,5540827,44493941,39856336,37517936,2338400,4010213,3183437,826776,627391,526500,100891,,,20225074,7612235,4891897,2426393,293945,12612839,9935182,9234036,701146,2565703,2458412,107291,111954,111175,,,,48893498,47379577,1495840,18081,43843893
2021-12,283869203,173157409,99805977,65304040,8047392,110711795,65217833,54573089,10644744,39622652,36102164,3520487,5871311,5542932,328379,,,175336158,129357676,90719383,32624373,6013920,45978482,40871024,38398656,2472368,4506584,3645061,861523,600874,499872,101002,,,20097549,6962456,4411730,2211959,338768,13135092,10413686,9751831,661855,2607934,2488113,119821,113472,111499,1974,,,53491576,51825380,1657899,,46594542
2022-01,285459231,174564540,100009383,66438547,8116610,110894692,65476597,55042909,10433688,39567348,36107555,3459793,5850747,5546588,304158,,,173336744,126668310,85708009,34299939,6660363,46668434,41388517,38894953,2493564,4652715,3788090,864625,627202,519258,107944,,,20051749,7300741,4650756,2300728,349257,12751008,10115587,9459722,655865,2513957,2396081,117876,121465,120262,,,,69128798,67335265,1659224,,46682166
2022-02,286301428,176388578,99857226,68037465,8493887,109912850,64901557,54664913,10236644,39278645,35830578,3448066,5732649,5437259,295389,,,173828820,123904084,81460517,35557847,6885720,49924736,44753490,42138965,2614525,4539720,3717099,822621,631526,518898,112628,,,21209373,8067217,5296235,2364071,406911,13142156,10573348,9945589,627760,2427760,2309873,117887,141048,139833,,,,68946439,67126380,1633701,,46492287
2022-03,281882848,175166709,94564347,71662561,8939801,106716139,62270650,52633207,9637443,38653835,35186792,3467043,5791654,5493041,298613,,,175133578,122625237,78068908,37160630,7395698,52508341,47565735,44909148,2656587,4227148,3390657,836490,715458,600450,115009,,,21739232,8656723,5567877,2732393,356453,13082509,10537640,9925243,612397,2394062,2275616,118446,150807,149586,,,,57828982,56170458,1604403,,47058535
2022-04,285174575,178435042,95699963,72662605,10072475,106739533,62459715,52955606,9504109,38325592,34879882,3445710,5954226,5658288,295938,,,173384629,121613467,77759020,36627135,7227312,51771162,47097121,44425757,2671363,3993605,3148960,844646,680436,563402,117034,,,22038936,7981903,5527564,2074260,380079,14057033,11406266,10796510,609757,2495474,2391931,103543,155293,151730,3563,,,62603796,60981896,1581433,40468,48293391
2022-05,283046945,176089558,93456579,72770911,9862067,106957387,63125547,53818547,9307000,37908441,34444255,3464186,5923399,5644053,279346,,,178428138,122256483,79088016,36159599,7008868,56171655,51251386,48505507,2745879,4081405,3227456,853950,838864,709656,129208,,,19604250,6784719,4240065,2159093,385562,12819530,10275389,9596238,679151,2387708,2289267,98441,156434,152916,,,,71714285,70099992,1496598,,48733251
2022-06,283397132,176192279,93210925,73043782,9937572,107204853,63731079,54594095,9136984,37320535,33863991,3456545,6153239,5869443,283796,,,176592976,124214873,80622331,36561908,7030634,52378103,47408137,44706324,2701813,4045044,3178858,866186,924922,795789,129133,,,21147689,6943646,4360656,2173166,409823,14204043,11661481,10985190,676291,2398727,2301778,96950,143835,140211,,,,81813408,80164707,1532009,,51804764
2022-07,285485451,176187399,93057015,72968889,10161495,109298052,65998185,56999651,8998534,37010590,33464175,3546415,6289277,6003429,285848,,,179111947,126488205,79726367,39995384,6766454,52623742,47457687,44794731,2662957,3894365,2991877,902488,1271689,1162259,109429,,,20618874,6191713,3733332,2111704,346677,14427161,11990763,11381995,608768,2282309,2263989,18320,154090,145112,,,,86391620,84605226,1729195,,52423901
2022-08,283452836,171931772,90561233,71552743,9817797,111521064,68437017,59496532,8940484,36471132,32865431,3605700,6612916,6266501,346414,,,183087935,123765354,81393265,35566435,6805654,59322580,53608416,50864198,2744218,4296952,3406883,890069,1417213,1299578,117635,,,20075814,6483314,3861076,2249894,372344,13592500,11135813,10532918,602895,2321393,2301767,19626,135294,126435,,,,80152173,78296954,1780855,,52611963
2022-09,286455306,171211436,90063026,71212985,9935425,115243870,70888551,61533110,9355442,37286537,33656343,3630195,7068781,6718201,350580,,,184276496,125577080,82117629,36733809,6725642,58699416,52665314,49921365,2743949,4392717,3510338,882379,1641385,1511346,130039,,,20968846,6724605,4476725,1869158,378722,14234312,11119202,10500781,618421,2979166,2961283,17883,135945,126752,,,,84707450,82979118,1703221,25112,54405577
2022-10,289609647,169877499,91005506,69336814,9535179,119732148,74374809,64853985,9520824,37938898,34300784,3638114,7418442,7127681,290761,,,180027360,120347077,78030855,35248439,7067783,59680283,53200217,50458251,2741967,4760930,3861949,898982,1719135,1601067,118068,,,21166176,6186307,3921153,1921294,343860,14979869,11652959,11038548,614411,3182797,3169807,12990,144114,136526,,,,92237891,90308859,1778415,,51977051
2022-11,291366832,166105651,90447102,66651310,9007239,125261182,77571019,68028112,9542907,40199980,36410589,3789391,7490183,7242252,247930,,,183450722,117037388,77673132,32745540,6618716,66413334,58130445,55156347,2974098,6128539,5217592,910947,2154350,2035382,118969,,,20617586,5704906,3707926,1715645,281335,14912681,12559507,11934787,624720,2185348,2169357,15991,167826,160301,,,,84052243,82065230,1839615,,53733549
2022-12,302699300,169659608,95285007,65563964,8810637,133039693,83051215,72738076,10313139,42288924,38308992,3979932,7699553,7414860,284693,,,187405748,119849099,81952478,31975262,5921358,67556649,58661961,55421065,3240897,6564803,5618210,946593,2329885,2226106,103779,,,23128256,5635131,3967812,1393536,273784,17493125,15032274,14336212,696062,2316033,2297935,18098,144818,137303,,,,71555161,69359394,2185575,10192,54953346
2023-01,303201541,163944914,92404331,63156855,8383728,139256627,87044053,76245669,10798384,43872858,39761533,4111325,8339717,8031312,308405,,,187821893,115973736,77756918,31851882,6364936,71848157,62840558,59271892,3568667,6730359,5772509,957849,2277241,2171165,106076,,,22486656,6019640,4173757,1540625,305259,16467016,14230170,13524304,705867,2085225,2068810,16415,151621,144299,,,,100082078,97911280,2142609,28190,53768848
2023-02,306804268,163338475,93491077,61399761,8447636,143465793,89955400,78672881,11282519,45188504,40973711,4214793,8321889,8004429,317460,,,192160549,115697532,77648608,31552814,6496110,76463018,66973187,63299907,3673280,7218726,6241791,976935,2271105,2121930,149175,,,23062128,5923443,4401904,1255588,265951,17138685,14978465,14246876,731588,2006080,1996265,9815,154140,151822,,,,97829333,95582436,2138587,,54270453
2023-03,307980179,160021399,92725772,59333421,7962206,147958781,92819093,80988267,11830827,46746311,42381408,4364903,8393377,8041010,352367,,,194463790,111488430,75939532,29936067,5612830,82975360,71830246,67806890,4023356,8374258,7344320,1029938,2770856,2632959,137897,,,22001182,6008392,4260646,1491868,255878,15992790,14130166,13356992,773174,1688650,1677269,11381,173974,171700,,,,101286395,99052359,2148496,,54381073
2023-04,310322058,159426425,94548582,57114752,7763092,150895633,95321169,82772367,12548802,47248524,42838747,4409777,8325940,7956944,368996,,,193044484,109028922,74628101,28795857,5604964,84015563,72716344,68610021,4106322,8560023,7529410,1030612,2739197,2604145,135052,,,23935443,6175906,4548213,1352471,275222,17759537,15969897,15171577,798320,1626121,1613782,12339,163519,161273,,,,94381020,92187221,2113093,,53313473
2023-05,311267599,156904267,93121014,56095554,7687700,154363332,97373580,84623609,12749971,48410949,43868400,4542549,8578803,8172162,406642,,,200242981,111605278,77835011,28335866,5434401,88637703,76101631,71773987,4327644,9722245,8664297,1057948,2813827,2672633,141194,,,22464517,5917297,4472054,1163979,281264,16547220,14769397,13950530,818867,1608852,1597067,11785,168971,166643,,,,98809749,96784941,2010387,14420,52786504
2023-06,314677424,158147707,95103094,55542799,7501815,156529716,99131806,86051991,13079814,48947883,44268350,4679532,8450028,8014791,435237,,,189899781,113463208,78500947,29405031,5557231,76436573,64108438,59734250,4374188,9342079,8282148,1059932,2986056,2825161,160895,,,28740119,8920847,7381891,1244890,294066,19819272,17727459,16860995,866465,1926430,1914625,11804,165383,163095,,,,102320322,100415911,1888961,15449,53451492
2023-07,315862901,156921430,95033181,54552293,7335956,158941471,101556881,88030782,13526099,49004476,44323822,4680655,8380114,7952094,428020,,,190640892,114823407,79332312,29941076,5550019,75817485,63191477,58620294,4571183,9466365,8500388,965977,3159643,3002510,157133,,,23431948,7403745,5030561,2114994,258189,16028203,14000015,13115281,884734,1855125,1843470,11655,173064,170828,,,,113838602,112000840,1821443,16319,53138113
2023-08,317516567,154912556,94662331,52721422,7528803,162604011,103725426,89843329,13882097,50280832,45401375,4879458,8597752,8153844,443908,,,194400108,116897082,81427251,29637630,5832201,77503026,65066072,60306450,4759622,10349546,9366732,982813,2087409,1927933,159476,,,21674421,6225415,4362764,1561338,301314,15449005,13440808,12536375,904433,1815464,1803855,11609,192733,190461,,,,109460923,107549829,1869575,41519,52299440
2023-09,322237627,155773112,96235230,52246998,7290884,166464515,106460161,92071731,14388430,51244888,46232717,5012172,8759466,8295974,463493,,,198482520,118612719,84286006,28783094,5543620,79869801,67060104,62225864,4834240,10580453,9578930,1001524,2229244,2055603,173641,,,27214112,9601392,7183544,2106523,311325,17612719,15516695,14523080,993615,1889004,1877110,11894,207020,204677,,,,120880365,118930473,1933168,16725,54534184
2023-10,325662212,155453168,96861487,51451209,7140473,170209043,109512837,94765713,14747124,51971574,46849910,5121664,8724633,8250442,474190,,,197776716,117659486,82733609,29540673,5385204,80117230,66368684,61502259,4866425,11336970,10320715,1016256,2411576,2249178,162398,,,24904606,8525725,6803976,1519200,202549,16378881,14308664,13316578,992086,1885871,1875255,10616,184346,182016,,,,108688677,106655080,2016557,17041,53251239
2023-11,329526899,156457309,98463832,51011017,6982459,173069590,111792811,97049837,14742974,52786039,47581864,5204174,8490741,8020314,470427,,,201576508,119500448,84997306,28756526,5746616,82076060,67850590,62922181,4928409,11754017,10704464,1049552,2471453,2350488,120966,,,24481933,7821618,6028311,1618734,174572,16660316,14124206,13184428,939778,2353277,2342893,10384,182833,180566,,,,111772639,109570603,2185118,16919,51126785
2023-12,337957750,160819267,103199857,50513577,7105834,177138483,115079685,99183321,15896364,53595628,48304505,5291123,8463170,7985447,477724,,,214040048,129446905,95850980,27850958,5744968,84593142,69802928,64750984,5051945,12596553,11552562,1043992,2193661,2070935,122727,,,20637349,7266917,5874646,1174865,217407,13370431,10711450,9856178,855272,2427324,2416715,10608,231658,229410,,,,100416885,98254517,2153059,9310,53627627
2024-01,340554058,159072630,101955088,49742894,7374648,181481428,118270860,102105247,16165613,54502350,49050150,5452200,8708218,8236196,472023,,,211945522,124460454,90344512,28322571,5793370,87485068,72628522,67558242,5070279,12651781,11589438,1062343,2204765,2063258,141507,,,20869949,7527083,5707552,1515332,304200,13342865,10690170,9840705,849465,2443463,2435721,7742,209232,206934,,,,115234880,112860820,2218977,,52851647
2024-02,343504534,159577655,103169973,49377971,7029710,183926879,120412902,104155368,16257534,54760917,49125522,5635395,8753061,8265833,487228,,,215833550,123601534,88479896,29058361,6063278,92232016,77473388,72472964,5000424,12587283,11408337,1178946,2171345,2088336,83008,,,22002841,8018291,5991165,1842251,184876,13984550,11391169,10576644,814524,2392074,2384496,7578,201307,199016,,,,135883990,133254279,2349443,,52581279
2024-03,345655894,159812377,104091114,48833469,6887793,185843517,121862046,105423181,16438865,55108188,49509790,5598399,8873284,8399658,473625,,,216507222,121596673,87846037,28374251,5376384,94910549,79795724,74828185,4967539,12807635,11593493,1214142,2307190,2227503,79687,,,21060458,7569073,5559805,1752152,257116,13491386,11061044,10267868,793176,2232692,2226531,6161,197650,195346,,,,133596771,131140736,2433694,22341,53474687
2024-04,351738072,164204985,107840706,49504188,6860091,187533087,123280569,106762302,16518266,55381593,49830757,5550836,8870925,8402144,468781,,,215493421,120170917,85906625,29049860,5214432,95322504,80830002,76041460,4788542,12316222,11089825,1226397,2176280,2096720,79560,,,22282159,7476236,5905602,1350016,220618,14805923,12064643,11289093,775550,2525657,2519258,6399,215622,213304,,,,126327822,124008650,2266061,53112,55660763
2024-05,351339951,162849240,106893951,49106912,6848377,188490711,124093335,107604362,16488973,55711025,50214135,5496890,8686351,8245951,440400,,,219227731,121837239,87547355,28496401,5793483,97390493,82575247,77663419,4911828,12795527,11577424,1218104,2019718,1946199,73519,,,21716134,7688649,6038708,1425579,224363,14027485,11365392,10581502,783890,2469773,2451708,18065,192319,190024,,,,127564762,125098468,2230433,,52297207
2024-06,353323811,164220199,108363805,49076752,6779643,189103611,124748159,108283362,16464797,55620186,50105627,5514559,8735267,8306217,429049,,,205190641,122006712,88689327,27972936,5344449,83183929,69239906,64303667,4936239,11827831,10629909,1197922,2116193,2065381,50812,,,26790540,9913900,6685697,3011517,216686,16876639,14155510,13371569,783942,2535102,2511351,23751,186027,183703,,,,128023482,125515409,2489437,18635,55659520
2024-07,356038366,165431607,109999079,48790858,6641670,190606760,126126063,108804752,17321312,55769238,49533234,6236004,8711459,8299249,412210,,,206414580,124821943,90611936,28315086,5894921,81592637,68220847,63250155,4970693,11401962,10214511,1187451,1969828,1919451,50377,,,25041246,9050309,6186517,2651464,212329,15990937,12648455,11856220,792236,3132097,3108727,23371,210384,208087,,,,129517153,127000873,2490875,25405,53193474
2024-08,,,,,,,,,,,,,,,,,,,,,,,,,,,,,,,,,,,,,,,,,,,,,,,,,,,,,,,,
2024-09,,,,,,,,,,,,,,,,,,,,,,,,,,,,,,,,,,,,,,,,,,,,,,,,,,,,,,,,
2024-10,,,,,,,,,,,,,,,,,,,,,,,,,,,,,,,,,,,,,,,,,,,,,,,,,,,,,,,,
2024-11,,,,,,,,,,,,,,,,,,,,,,,,,,,,,,,,,,,,,,,,,,,,,,,,,,,,,,,,
2024-12,,,,,,,,,,,,,,,,,,,,,,,,,,,,,,,,,,,,,,,,,,,,,,,,,,,,,,,,
2025-01,,,,,,,,,,,,,,,,,,,,,,,,,,,,,,,,,,,,,,,,,,,,,,,,,,,,,,,,
2025-02,,,,,,,,,,,,,,,,,,,,,,,,,,,,,,,,,,,,,,,,,,,,,,,,,,,,,,,,
2025-03,,,,,,,,,,,,,,,,,,,,,,,,,,,,,,,,,,,,,,,,,,,,,,,,,,,,,,,,
2025-04,,,,,,,,,,,,,,,,,,,,,,,,,,,,,,,,,,,,,,,,,,,,,,,,,,,,,,,,
2025-05,,,,,,,,,,,,,,,,,,,,,,,,,,,,,,,,,,,,,,,,,,,,,,,,,,,,,,,,
2025-06,,,,,,,,,,,,,,,,,,,,,,,,,,,,,,,,,,,,,,,,,,,,,,,,,,,,,,,,
2025-07,,,,,,,,,,,,,,,,,,,,,,,,,,,,,,,,,,,,,,,,,,,,,,,,,,,,,,,,
2025-08,,,,,,,,,,,,,,,,,,,,,,,,,,,,,,,,,,,,,,,,,,,,,,,,,,,,,,,,
2025-09,,,,,,,,,,,,,,,,,,,,,,,,,,,,,,,,,,,,,,,,,,,,,,,,,,,,,,,,
2025-10,,,,,,,,,,,,,,,,,,,,,,,,,,,,,,,,,,,,,,,,,,,,,,,,,,,,,,,,
2025-11,,,,,,,,,,,,,,,,,,,,,,,,,,,,,,,,,,,,,,,,,,,,,,,,,,,,,,,,
2025-12,,,,,,,,,,,,,,,,,,,,,,,,,,,,,,,,,,,,,,,,,,,,,,,,,,,,,,,,
2026-01,,,,,,,,,,,,,,,,,,,,,,,,,,,,,,,,,,,,,,,,,,,,,,,,,,,,,,,,
2026-02,,,,,,,,,,,,,,,,,,,,,,,,,,,,,,,,,,,,,,,,,,,,,,,,,,,,,,,,
2026-03,,,,,,,,,,,,,,,,,,,,,,,,,,,,,,,,,,,,,,,,,,,,,,,,,,,,,,,,
2026-04,,,,,,,,,,,,,,,,,,,,,,,,,,,,,,,,,,,,,,,,,,,,,,,,,,,,,,,,
2026-05,,,,,,,,,,,,,,,,,,,,,,,,,,,,,,,,,,,,,,,,,,,,,,,,,,,,,,,,
2026-06,,,,,,,,,,,,,,,,,,,,,,,,,,,,,,,,,,,,,,,,,,,,,,,,,,,,,,,,
2026-07,,,,,,,,,,,,,,,,,,,,,,,,,,,,,,,,,,,,,,,,,,,,,,,,,,,,,,,,
2026-08,,,,,,,,,,,,,,,,,,,,,,,,,,,,,,,,,,,,,,,,,,,,,,,,,,,,,,,,
2026-09,,,,,,,,,,,,,,,,,,,,,,,,,,,,,,,,,,,,,,,,,,,,,,,,,,,,,,,,
2026-10,,,,,,,,,,,,,,,,,,,,,,,,,,,,,,,,,,,,,,,,,,,,,,,,,,,,,,,,
2026-11,,,,,,,,,,,,,,,,,,,,,,,,,,,,,,,,,,,,,,,,,,,,,,,,,,,,,,,,
2026-12,,,,,,,,,,,,,,,,,,,,,,,,,,,,,,,,,,,,,,,,,,,,,,,,,,,,,,,,