Date (formatted),Credit to households,Credit to households; RON,Credit to households; EUR,Credit to households; other currencies,Credit to households; consumer,Credit to households; consumer; RON,Credit to households; consumer; EUR,Credit to households; consumer; other currencies,Credit to households; housing loans,Credit to households; lending for house purchase; RON,Credit to households; lending for house purchase; EUR,Credit to households; lending for house purchase; other currencies,Credit to households; other lending,Credit to households; other lending; RON,Credit to households; other lending; EUR,Credit to households; other lending; other currencies,Loans to non-financial corporations,Loans to non-financial corporations; RON,Loans to non-financial corporations; RON; with maturity of up to and including one year,Loans to non-financial corporations; RON; with maturity longer than one year and of up to and including five years,Loans to non-financial corporations; RON; with maturity longer than five years,Loans to non-financial corporations; EUR,Loans to non-financial corporations; EUR; with maturity of up to and including one year,Loans to non-financial corporations; EUR; with maturity longer than one year and of up to and including five years,Loans to non-financial corporations; EUR; with maturity longer than five years,Loans to non-financial corporations; other currencies,Loans to non-financial corporations; other currencies; with maturity of up to and including one year,Loans to non-financial corporations; other currencies; with maturity longer than one year and of up to and including five years,Loans to non-financial corporations; other currencies; with maturity longer than five years,Loans to financial corporations other than MFIs,Loans to financial corporations other than MFIs; insurance corporations,Loans to financial corporations other than MFIs; insurance corporations; with maturity of up to and including one year,Loans to financial corporations other than MFIs; other financial intermediaries,Loans to financial corporations other than MFIs; other financial intermediaries; with maturity of up to and including one year,Loans to general government,Loans to general government; central,Loans to general government; local,Loans to general government; social security funds,Loans to non-residents
2007-01,40240893,23725049,15163179,1352665,31645622,22243010,8813737,588875,7902876,1123327,6025786,753763,692394,358712,323656,10027,48811753,22666379,12553299,7174470,2938610,22867117,8154964,7284592,7427561,3278257,1662012,816826,799419,3442250,33053,10369,3409196,526202,2637906,1139523,1498369,13,38221780
2007-02,41375402,24084359,15840419,1450624,32506671,22579455,9350054,577162,8169765,1123287,6186245,860233,698967,381617,304120,13230,50531568,24093542,13519000,7464971,3109572,23136484,8196742,7319423,7620319,3301542,1734332,775099,792111,3574723,31764,10460,3542959,617061,2651808,1157412,1494384,13,36593842
2007-03,43251370,24968798,16691575,1590998,34099096,23384279,9976090,738727,8403159,1156040,6407731,839388,749116,428479,307754,12883,52683532,25408998,14015589,8007540,3385869,24048163,8357297,7651209,8039658,3226371,1691287,753149,781935,3029264,25183,10434,3004081,417752,2694865,1177960,1516892,13,39038382
2007-04,44760660,25778054,17119205,1863401,35251272,24142503,10173836,934933,8720655,1187551,6617986,915118,788733,447999,327383,13351,54681245,26492512,14516296,8316374,3659842,25097745,8741428,7984222,8372095,3090988,1628743,706868,755377,3164209,42181,10524,3122027,507882,2729443,1177357,1552074,13,22122591
2007-05,46841742,26946294,17697564,2197884,37036157,25254537,10536786,1244834,8881262,1194314,6772337,914611,924324,497443,388442,38439,56695934,27632164,15154489,8471763,4005912,25965228,8853081,8374526,8737621,3098542,1588137,737975,772430,2962257,32447,629,2929810,518941,2720703,1084324,1636367,12,18511372
2007-06,48997569,27884629,18485462,2627478,38907194,26151449,11231214,1524531,9083692,1213773,6852244,1017675,1006683,519407,402004,85272,57236272,28455334,15610454,8535154,4309726,25721867,8812901,8115657,8793310,3059071,1593344,711907,753820,2797499,32438,936,2765060,550720,2810082,1061085,1748997,0,19857478
2007-07,52544077,28898741,20517345,3127991,41615056,27090620,12675575,1848861,9752395,1236989,7362994,1152411,1176626,571131,478776,126719,59216497,29010876,15760078,8606525,4644273,27012629,9101100,8651833,9259696,3192993,1715071,739068,738854,2900884,35088,3617,2865795,589278,2883363,1056737,1826627,0,21786581
2007-08,57024372,30027141,23227593,3769638,44904463,28150436,14484765,2269261,10782899,1263417,8193667,1325816,1337010,613288,549161,174562,61989584,29230024,15358986,8914513,4956525,29200813,9819874,9326978,10053960,3558748,1920769,854559,783420,3081819,32562,1029,3049257,663350,3011267,1073011,1938256,0,23098186
2007-09,60478029,31007771,25168113,4302146,47371152,29034488,15713306,2623358,11615083,1312191,8850365,1452527,1491795,661092,604442,226261,65446386,30612325,16150941,9165625,5295759,31253997,10608197,9851962,10793838,3580064,1972567,858367,749130,3137753,32090,432,3105663,672621,3105005,1065455,2039547,2,21716085
2007-10,63257880,32079591,26427229,4751059,49601228,30002317,16585236,3013676,12009313,1367280,9186396,1455637,1647338,709994,655598,281746,66444769,31206929,16304345,9179337,5723247,31690653,10767981,9679860,11242812,3547187,1982904,818874,745409,3616907,49201,17226,3567706,1059610,3260075,1104747,2155327,0,21874389
2007-11,67816586,32925393,29204000,5687193,52733700,30749069,18362987,3621644,13180598,1414890,10073570,1692137,1902288,761434,767443,373411,69798366,31950743,16556573,9317565,6076605,34102409,11461561,10433278,12207569,3745214,2015613,908762,820840,3502638,37834,5198,3464805,1007938,3440582,1060212,2380370,0,21818848
2007-12,71507708,33572753,31595285,6339670,55108014,31270246,19855423,3982345,14193216,1462248,10838436,1892532,2206478,840259,901425,464793,72955437,32576846,16723604,9378441,6474801,36646054,11836063,11417618,13392373,3732537,1911255,970443,850840,3717598,34527,626,3683070,1130474,3642118,1045993,2596125,0,23805928
2008-01,74146014,33944213,33086068,7115732,56817883,31567771,20775953,4474159,14901903,1475451,11329579,2096874,2426228,900992,980537,544699,76408434,33892070,17589835,9677548,6624688,38540090,12244953,12146570,14148567,3976274,1970744,1104788,900742,3713058,34386,692,3678671,1076634,4382101,1783690,2598411,0,23516382
2008-02,76672985,34778445,33990850,7903690,58465316,32270018,21208339,4986959,15493454,1501820,11713058,2278576,2714216,1006608,1069453,638155,77831507,35047136,17734831,10264173,7048132,38866319,12346265,12138732,14381323,3918052,1873121,1114855,930076,3836400,42610,7641,3793790,1171311,4327487,1705929,2621558,0,19731198
2008-03,79641977,35711999,35200024,8729954,60487292,33056344,21901923,5529025,16057535,1534513,12067099,2455922,3097150,1121142,1231002,745006,81092871,36767722,19037329,10309766,7420628,40352768,13075501,12511070,14766198,3972381,1863388,1136959,972034,3871928,34444,744,3837485,1201066,4389620,1686882,2702738,0,19500883
2008-04,81735012,36608767,36035008,9091236,62017056,33870168,22386539,5760350,16325227,1552531,12248124,2524573,3392728,1186069,1400346,806314,83241242,38423852,19867712,10731598,7824543,40646982,12972301,12666206,15008474,4170408,2053884,1110921,1005603,3757801,34214,755,3723587,1143198,4547223,1696578,2850645,0,20212891
2008-05,83251408,37358097,36903035,8990276,63050510,34540514,22907129,5602867,16520033,1568764,12424360,2526910,3680865,1248819,1571547,860499,84773499,39439626,20247979,10966134,8225513,41476439,13259615,12731188,15485636,3857433,2050762,1010885,795786,3809421,34753,1191,3774669,1196271,4803839,1702185,3101654,0,19241824
2008-06,86918173,38044965,38944846,9928362,65521202,35167692,24112239,6241271,17328076,1567941,13041117,2719019,4068896,1309332,1791491,968073,86900945,40051336,20780083,10869931,8401322,42848817,13905792,13148061,15794965,4000792,2206554,1036811,757427,4361152,34917,1093,4326235,1361173,4957129,1694789,3262341,0,18421387
2008-07,87822743,39297887,38733609,9791247,66583141,36357551,24055715,6169875,16957453,1574433,12761795,2621225,4282149,1365903,1916099,1000146,86482990,40656975,21078026,10813684,8765266,41864396,13286841,12812719,15764836,3961619,2220834,940462,800323,4386515,34637,1052,4351878,1410150,5136299,1690240,3446059,0,16882278
2008-08,90558587,40249393,40203985,10105209,68328252,37256534,24891159,6180559,17603778,1590564,13183468,2829746,4626558,1402296,2129358,1094904,88622331,41197957,21273857,11003059,8921042,42962748,13706473,13065092,16191183,4461626,2591603,1009219,860804,4448981,34925,1571,4414056,1439253,5268364,1724612,3543752,0,19184540
2008-09,96047389,41016609,43540821,11489960,72045281,37979688,27043162,7022431,19085782,1604781,14284123,3196878,4916327,1432140,2213536,1270651,93581044,42285037,21783122,11304639,9197276,46305629,15300908,14011561,16993161,4990378,2829226,1209853,951299,4545699,34607,1342,4511091,1461901,5380704,1733788,3646917,0,14156785
2008-10,95765174,41377918,42451539,11935718,71960744,38310496,26353830,7296418,19142785,1629627,14275858,3237299,4661646,1437795,1821850,1402000,93029089,42492527,21932717,11360430,9199380,44963375,15155932,13619559,16187884,5573188,3179205,1325193,1068790,4269353,52230,22144,4217122,1150570,4776799,982853,3793946,0,20388269
2008-11,96825250,41299655,43881390,11644205,72564286,38239290,27231484,7093512,19730136,1638696,14919453,3171987,4530828,1421669,1730453,1378706,94189106,42424174,21584027,11637169,9202977,46295591,15738758,13967796,16589037,5469341,3129389,1294396,1045557,4116624,50871,20554,4065754,1053534,4841744,1008033,3833651,60,20478776
2008-12,99204666,40940891,45812433,12451342,73694576,37880941,28293133,7520502,20898618,1646742,15825932,3425944,4611471,1413208,1693368,1504896,94529236,40870015,20528972,11261554,9079489,48941843,16523096,14830485,17588262,4717378,2569459,1221868,926051,4321780,95975,61823,4225805,1019710,6249421,2334575,3914784,62,19928612
2009-01,102975269,40585885,48997849,13391534,75793535,37539566,30183884,8070085,22349560,1646504,16994836,3708221,4832173,1399816,1819129,1613228,99160963,41501040,21169063,11304618,9027358,52456504,17686752,15842996,18926755,5203420,2862665,1339377,1001379,4299483,98818,74076,4200665,1023556,4913547,972931,3940551,66,23654749
2009-02,102889143,40383650,49096035,13409458,75999938,37342230,30314246,8343463,22029237,1645598,16944732,3438907,4859968,1395822,1837057,1627089,99857769,41737566,21531767,11197295,9008504,52942205,17905764,15878982,19157460,5177999,2863725,1307096,1007178,4143158,86653,61809,4056505,1037387,4961679,973046,3988568,65,28497390
2009-03,101226625,40091375,48223531,12911720,74787936,37050288,29703115,8034533,21655734,1646295,16702273,3307166,4782956,1394791,1818143,1570021,97248318,41160472,21294103,10946687,8919682,51434472,17556810,15089572,18788090,4653373,2485939,1220063,947372,4142076,143733,119253,3998343,920356,4951796,956573,3995160,63,27811012
2009-04,100176332,40017582,47493539,12665211,73924706,36973834,29103854,7847018,21506899,1657999,16582424,3266476,4744726,1385748,1807262,1551716,96376282,40867869,21403925,10623675,8840269,51001937,17673420,14719488,18609029,4506476,2497684,1078658,930134,4001213,141738,117224,3859474,871031,5047710,988169,4059480,61,28484923
2009-05,99900039,40034725,47328159,12537155,74330715,37114386,29030679,8185650,22133045,1738912,16665686,3728447,3436279,1181428,1631793,623058,95438822,40368996,21048598,10523427,8796970,50881729,17494975,14728655,18658098,4188098,2318406,979249,890442,3740679,45649,21184,3695030,822684,5092472,1006565,4085847,60,41556431
2009-06,99587067,39606722,47511081,12469263,73901036,36721707,29042341,8136988,22283685,1739118,16832326,3712242,3402346,1145897,1636415,620033,94806075,39825040,20564635,10561287,8699118,50881643,17151964,14902112,18827567,4099392,2165411,1054658,879323,3663205,60492,36159,3602713,798016,5276602,1129315,4147228,60,38814549
2009-07,99453465,39498544,47569117,12385804,73746995,36633607,29034718,8078671,22321274,1737589,16893415,3690270,3385196,1127348,1640985,616863,95029412,39085146,20110491,10365313,8609342,51884813,17163446,15153277,19568090,4059454,2094073,1111870,853511,3422022,64368,40017,3357654,788098,10038333,5718208,4320066,59,43160811
2009-08,99571472,39448150,47647092,12476230,73738462,36599710,28999635,8139117,22456144,1734452,17004237,3717455,3376866,1113988,1643220,619658,95844476,39036852,20179501,10304937,8552413,52923341,17200505,15782544,19940293,3884284,2013363,1023701,847220,3266880,67610,43444,3199271,721940,10015570,5628235,4387277,58,39839455
2009-09,99454957,39399041,47643950,12411966,73453741,36572239,28780501,8101002,22641429,1725700,17221785,3693944,3359787,1101102,1641664,617021,96164232,39389486,20746450,10202298,8440738,53077375,16943363,16112322,20021691,3697371,1934789,853992,908591,3295489,56998,32969,3238491,713011,10628388,6205839,4422492,57,38345449
2009-10,100928123,39199050,49108337,12620736,73833791,36362419,29244825,8226547,23655335,1727897,18162558,3764880,3438997,1108734,1700954,629310,96916859,39182986,20604754,10083569,8494662,54115113,17436235,16487303,20191575,3618760,1846561,860268,911932,3369382,66359,31204,3303023,830861,11123504,6331919,4791528,57,47678948
2009-11,100599226,38985513,49160474,12453239,73534465,36275212,29127904,8131349,23988368,1711806,18577757,3698806,3076392,998495,1454813,623084,97010337,39561697,21170026,9986127,8405544,53942523,17224378,16143354,20574791,3506117,1743712,863872,898533,3244125,70018,27029,3174108,849701,11252879,6400811,4852013,56,51415793
2009-12,100218043,38810421,48948103,12459518,72815089,36029471,28654664,8130953,24245809,1704400,18834487,3706923,3157145,1076550,1458952,621642,96194288,39216262,20817509,9994218,8404535,53305114,16697277,15810868,20796970,3672912,1928638,809933,934341,3474788,69674,17037,3405114,1033199,11310273,6330747,4979472,54,59866483
2010-01,98539145,38524520,47771216,12243408,71428908,35711046,27730893,7986969,23975765,1700159,18630019,3645588,3134472,1113315,1410305,610852,97172644,40109203,21756378,10069994,8282831,53271471,16427700,15891592,20952179,3791970,1944058,938490,909422,3573203,89574,1276,3483630,950459,11293321,6325982,4967287,52,54838045
2010-02,97901838,37873298,47842540,12186001,70617091,35162162,27511354,7943575,24246098,1693479,18918203,3634416,3038649,1017657,1412983,608010,97801606,40051200,21924781,9920571,8205848,53898469,16801830,16149989,20946650,3851937,2038733,980522,832683,3463636,87321,1272,3376315,1062092,11327805,6355703,4972052,51,59039325
2010-03,98400303,37904809,48117936,12377558,70612431,35197367,27345967,8069096,24708068,1679789,19338632,3689647,3079804,1027654,1433336,618814,97697435,39534345,21487898,9771078,8275368,54203966,17035651,15457464,21710851,3959124,2266517,873489,819118,3306333,83947,1352,3222387,816573,11317607,6290952,5026606,49,68239570
2010-04,99222927,37853721,48802438,12566768,70987015,35178985,27572728,8235302,25160232,1667032,19802074,3691127,3075680,1007705,1427636,640339,97830267,38832584,21092762,9503917,8235905,55130442,17576462,15690831,21863149,3867241,2213296,831048,822896,3269192,81594,1451,3187598,841844,11388510,6336563,5051899,49,48944304
2010-05,100493164,37877483,49825470,12790211,71453798,35223430,27857757,8372612,25894184,1658692,20466741,3768752,3145182,995361,1500973,648848,99456881,38756440,21062946,9493101,8200393,56394077,17754549,16172573,22466954,4306365,2548732,914061,843571,3162065,89740,11261,3072325,744583,11531071,6595441,4935582,48,43418099
2010-06,104296343,37595659,52461100,14239585,67638537,28309517,29375894,9953125,27855396,1665313,21951892,4238192,8802410,7620828,1133314,48268,103250326,39356278,21580644,9644638,8130996,59520910,18276979,17205995,24037936,4373138,2512513,963048,897577,3262204,78684,1256,3183521,835802,11787718,6824507,4963162,49,37726229
2010-07,102109279,37389974,51268586,13450719,66043449,28175378,28460991,9407080,27367870,1652531,21712343,4002996,8697960,7562065,1095252,40644,101575230,39727988,21755138,9895943,8076907,57920214,17570061,17001123,23349030,3927028,2151736,984525,790768,3014441,77892,1690,2936549,739318,11629380,6648911,4980422,47,43730957
2010-08,103042104,37376810,51628746,14036548,66247153,27979408,28451207,9816538,27854205,1640065,22036450,4177690,8940746,7757337,1141089,42320,101883918,39263092,21227121,9980521,8055451,58641747,17657750,17511666,23472332,3979079,2154287,1006164,818628,2741643,75276,1845,2666367,750985,11117094,6026961,5090087,46,45717805
2010-09,102636168,37259516,51800723,13575928,65588096,27777424,28320458,9490214,27959710,1629392,22296655,4033663,9088362,7852700,1183610,52052,102499834,39100350,21049655,9846258,8204436,59795870,17743142,18474813,23577915,3603614,1798725,1037030,767859,2794466,70036,2699,2724431,854755,10116519,4944736,5171738,45,45887185
2010-10,101173304,36490407,51552445,13130452,64219396,27052129,27959673,9207595,28040693,1620784,22528668,3891241,8913215,7817495,1064104,31616,103123669,39644694,21194291,10068469,8381933,60095096,17912175,18276231,23906690,3383879,1620854,999375,763650,2539327,69045,1094,2470282,652230,10179365,4982034,5197286,44,46964784
2010-11,101784881,36176140,51856586,13752155,64339386,26751260,27947594,9640531,28514341,1605667,22830344,4078329,8931155,7819212,1078648,33294,103669441,39581164,21134137,10146862,8300165,60550649,17819367,18752854,23978428,3537627,1697597,1043828,796202,2470526,64306,315,2406220,601040,10753834,5039368,5714423,43,45392946
2010-12,102099829,35914598,51994822,14190409,64247262,26531367,27763398,9952497,28944164,1592808,23146349,4205008,8908402,7790423,1085075,32905,104617927,39977561,20546258,10097179,9334124,60984646,17283465,18977475,24723705,3655721,1746296,1007993,901432,2575806,61664,9949,2514143,714352,11245949,5265638,5980270,42,50515530
2011-01,100773344,35432153,51717023,13624168,62979953,26030634,27398943,9550376,28862605,1581505,23238898,4042202,8930786,7820015,1079182,31590,104501924,39987449,20851455,9808121,9327873,61062275,17041715,18931265,25089295,3452199,1744631,935566,772002,2550840,59552,10026,2491289,740039,11059500,5198613,5860846,41,49217687
2011-02,99756884,35115957,51169152,13471775,62353708,25856289,27047069,9450350,28608412,1573139,23044851,3990423,8794765,7686530,1077233,31002,104229342,40382865,21126012,9915521,9341333,60430347,16987328,18610938,24832081,3416130,1623195,1029742,763193,2644162,58463,10031,2585698,748326,11024399,5161225,5863136,39,35537115
2011-03,98033419,35033820,50137917,12861683,61158880,25762571,26377593,9018715,28075863,1561266,22701072,3813526,8798676,7709982,1059252,29442,103407031,40479813,21248780,9846192,9384841,59830503,16386042,18960397,24484064,3096715,1426461,927797,742457,2515987,56990,10033,2458997,748985,10764576,4762016,6002524,37,29525953
2011-04,97915851,35122196,50025454,12768201,60921886,25890942,26063499,8967445,28204699,1554434,22877702,3772563,8789267,7676821,1084253,28193,104170588,41481461,22147526,10020618,9313317,59659920,16430920,18722696,24506304,3029208,1383844,925530,719833,2538535,63206,16285,2475330,782457,10672399,4685458,5986906,35,29702129
2011-05,99793160,35402009,50903143,13488009,62012838,26219581,26321339,9471918,28999165,1548768,23463959,3986438,8781157,7633660,1117845,29653,105113617,41400220,21923210,9993862,9483148,60351329,16665290,18954808,24731231,3362067,1579062,1033122,749883,2762377,56352,10263,2706026,857167,11150709,5075185,6075490,35,25850870
2011-06,101911045,35432692,52480704,13997649,63155988,26227619,27094656,9833713,29910145,1546457,24230230,4133458,8844912,7658616,1155818,30478,109033129,42199533,22475926,10126042,9597565,62932677,17639670,19713526,25579481,3900918,1910081,1198931,791907,2707039,54965,10580,2652074,853906,11604076,5244831,6359211,34,35448377
2011-07,102825766,35435133,52712358,14678275,63642722,26274989,27063333,10304401,30356982,1537686,24477244,4342052,8826062,7622459,1171781,31821,110554797,43090402,23306589,10281778,9502036,63431064,18264974,19816280,25349809,4033331,2048359,1160330,824641,2638474,54865,10589,2583609,676688,7922253,1510183,6412037,33,31295670
2011-08,102546572,35614935,52694914,14236724,62945697,26298962,26661515,9985220,30629445,1533058,24876202,4220186,8971430,7782916,1157197,31317,110464955,42945684,23182768,10242209,9520708,63546678,18103487,19951098,25492094,3972593,2012806,1115249,844538,2697350,53614,10266,2643736,810954,7972741,1510625,6462084,32,23408363
2011-09,104452643,35653738,54747133,14051772,63553175,26283489,27424283,9845403,31815905,1529218,26113020,4173667,9083563,7841030,1209830,32703,113991361,43253026,23467043,10243366,9542618,66220076,19087413,20863239,26269424,4518260,2382553,1250399,885308,2987223,44746,12380,2942477,1105514,8077038,1518870,6558136,32,27480039
2011-10,104121271,35460798,54798815,13861657,62920308,26054489,27153857,9711963,32108158,1530108,26459426,4118624,9092805,7876202,1185533,31070,114054894,43586171,23834822,10191114,9560235,66193087,19076204,20813607,26303277,4275635,2259086,1156171,860378,2855631,59913,27973,2795718,1095747,8127457,1445286,6682140,30,26833276
2011-11,104537909,35286938,55434690,13816281,62620928,25909800,27162778,9548350,32968412,1509799,27226342,4232271,8948569,7867339,1045570,35660,116325553,44550101,24369452,10391462,9789186,67324173,19179690,20852699,27291784,4451279,2355815,1211813,883651,2953575,49011,16818,2904564,1164730,8119012,1451558,6667424,30,23804680
2011-12,104256083,35045795,55351977,13858311,61991593,25726874,26797091,9467629,33381975,1515835,27509826,4356313,8882515,7803087,1045060,34369,115373712,44609706,24193447,10701559,9714700,66275535,18647643,20124873,27503019,4488471,2318944,1284204,885323,3407300,42265,340,3365036,1621228,10782195,3653491,7128676,28,31756706
2012-01,104261769,34767250,55496015,13998504,61977497,25452555,26987015,9537927,33341093,1507285,27409340,4424467,8943180,7807410,1099659,36110,115077730,44087316,25538495,9012555,9536266,66532165,19845518,19856518,26830129,4458250,2397842,1149073,911335,3279794,42500,821,3237295,1520338,8631320,1498524,7132769,27,23214310
2012-02,104070092,34499701,55633164,13937227,61687181,25257423,26936448,9493311,33566436,1506391,27651872,4408174,8816474,7735887,1044845,35743,114912074,43852230,25373996,8938239,9539996,66667821,19965461,19987692,26714668,4392023,2409171,1087610,895241,3422323,68805,27325,3353518,1654549,8773889,1667456,7106407,26,21356994
2012-03,104423718,34459246,56026442,13938030,61429250,25078816,26864643,9485791,34001760,1512383,28071920,4417457,8992709,7868047,1089879,34782,116353312,44768422,25880225,9402570,9485627,67210333,20308558,20045266,26856509,4374557,2377106,1097558,899893,3623902,47995,6423,3575908,1884883,8841251,1698555,7142672,25,28035556
2012-04,104526548,34300131,56253782,13972635,61206836,24930392,26776519,9499924,34332618,1528596,28373479,4430543,8987094,7841143,1103784,42167,117510972,44955734,25890400,9568905,9496430,68116379,20988826,20347151,26780402,4438859,2424763,1105451,908646,2692099,55001,13272,2637098,986371,8747408,1550616,7196792,0,32341983
2012-05,105690268,34378479,57195071,14116717,61532025,24845315,27096297,9590413,34995663,1542293,28967697,4485673,9162580,7990871,1131078,40632,118631481,44908982,25904725,9777174,9227083,68793554,21027408,20542901,27223245,4928945,2744823,1231364,952757,2778084,47384,6350,2730699,1041127,9307628,1762307,7545320,0,30280423
2012-06,105377852,34398212,57020875,13958765,60895236,24737533,26686530,9471173,35207010,1575902,29185064,4446044,9275605,8084778,1149280,41548,118767043,46396972,27413572,9920910,9062489,67789396,20555705,20207394,27026297,4580675,2464114,1187789,928772,2941779,56585,16609,2885194,1151606,9726728,2068224,7658504,0,30023203
2012-07,107281082,34350367,58652931,14277784,61735979,24872629,27181122,9682228,36500942,1620687,30327630,4552625,9044162,7857051,1144180,42931,121393889,47356781,27535931,10437572,9383278,69328091,20798994,20573713,27955384,4709018,2544272,1207589,957156,2889812,44219,2869,2845593,1010098,9785746,2086486,7699259,0,39059088
2012-08,105686990,34566020,57287611,13833359,60514942,24852137,26280537,9382269,35958061,1664579,29881303,4412179,9213987,8049304,1125771,38912,119417123,47483660,27674556,10426182,9382923,67558277,20259939,19917348,27380990,4375186,2360204,1122429,892554,2828419,49382,8496,2779037,1030226,9682086,1746697,7935390,0,38899101
2012-09,106234805,34433620,58102814,13698372,60122124,24558262,26330430,9233433,36809359,1714455,30669652,4425251,9303323,8160903,1102732,39687,121752825,48751891,28575559,10638704,9537628,68655843,20769413,20187221,27699210,4345090,2325452,1129078,890561,2796312,50060,8999,2746252,976510,9773437,1435374,8338063,0,51252915
2012-10,106342592,34469056,58303560,13569976,59791452,24468547,26194796,9128109,37254839,1755912,31094077,4404851,9296300,8244597,1014687,37017,121038910,48511874,28197027,10717635,9597212,68250528,19792263,20276058,28182206,4276508,2255079,1142460,878969,2725367,50054,8981,2675313,950366,9765474,1400797,8364677,0,49234503
2012-11,105937172,34487611,58056468,13393092,59191182,24378659,25806406,9006117,37402358,1794213,31257166,4350979,9343631,8314739,992896,35996,120373116,48620825,27740913,11210815,9669097,67446482,19109550,20417649,27919283,4305809,2318205,1144063,843540,2680472,50196,9211,2630276,901146,9838741,1314724,8524017,0,41078326
2012-12,104460691,34377542,57081420,13001729,58024451,24170658,25119951,8733842,37065354,1832146,30998011,4235196,9370887,8374738,963458,32691,118789099,48823749,27681668,11386638,9755443,65905767,18581808,19567968,27755991,4059584,2184943,1077792,796849,2586422,49589,8813,2536833,876366,9889745,1241947,8647798,0,49015852
2013-01,103194340,34210014,56513610,12470716,56982842,23951511,24661829,8369503,36833989,1861351,30902692,4069946,9377509,8397152,949090,31267,117596799,48845751,27636969,11669468,9539314,64858154,18344701,19475681,27037772,3892894,2087073,1030955,774866,2598344,49412,8735,2548932,929340,9681735,1058674,8623061,0,45519444
2013-02,102909048,34064154,56361173,12483722,56617746,23829698,24416534,8371515,36970671,1888245,31002286,4080141,9320631,8346211,942353,32066,117359368,48910750,27437754,11892128,9580867,64341044,17941750,19506331,26892962,4107574,2214285,1116928,776362,2446575,49332,8699,2397243,878458,9740537,1098523,8642015,0,40532403
2013-03,103649518,34006779,57085153,12557586,56777356,23814464,24550632,8412260,37645670,1934236,31598677,4112757,9226493,8258079,935844,32569,117676151,48640727,27203511,11867697,9569519,64834686,18198046,19732855,26903785,4200739,2293148,1129839,777752,2617386,58558,17897,2558828,949047,9704925,1069155,8635770,0,36216074
2013-04,101892342,33756204,56017465,12118673,55704194,23718683,23871664,8113847,37216935,1984213,31259258,3973464,8971213,8053308,886544,31362,115462209,48489237,26605680,12251416,9632141,63039695,17435724,19400070,26203902,3933276,2094554,1058921,779801,2638609,55223,12393,2583385,918084,9602387,986272,8616115,0,42658734
2013-05,102901135,34058987,56807149,12034999,55772416,23690959,24028878,8052580,37879699,2031690,31896484,3951525,9249020,8336339,881787,30895,115927243,48298811,26001682,12565593,9731536,63713531,17504784,19655417,26553330,3914901,2206479,926411,782011,2830435,37065,12102,2793371,1117112,9624572,986525,8638047,0,43741454
2013-06,104066666,33920832,57978324,12167510,55938670,23514412,24284861,8139398,38884018,2087758,32799566,3996693,9243978,8318662,893897,31420,117344022,48831583,25965731,13144117,9721736,64578267,17584295,19306629,27687343,3934173,2229003,928322,776848,2748514,25415,386,2723099,1057100,9596197,983455,8612742,0,36550066
2013-07,103315366,33982941,57403872,11928553,55231717,23497104,23767599,7967014,38867080,2175838,32759106,3932136,9216568,8309999,877167,29403,115267807,48317411,24892720,13643464,9781228,63165768,16644115,19392970,27128683,3784628,2088804,947138,748686,2849131,31500,6367,2817631,1180310,9573800,998019,8575781,0,42202734
2013-08,103245947,33965531,57370143,11910272,54208332,23346207,22912463,7949662,39779410,2270184,33578202,3931024,9258205,8349141,879478,29586,115877375,48630725,25088383,14032757,9509584,63526997,16553606,19662040,27311351,3719653,2056514,931063,732076,2776719,31364,6212,2745355,1065458,9681280,909482,8744079,27719,34276255
2013-09,103765793,34266093,57535916,11963784,54422323,23268415,23171338,7982570,39925122,2489519,33483549,3952054,9418349,8508159,881029,29161,116426925,49769301,25582238,14293791,9893272,62936823,16234789,19416565,27285469,3720801,2102077,886327,732397,2875908,32018,6601,2843890,1085410,9683182,920046,8740155,22981,39127479
2013-10,103125545,34548483,56902021,11675041,53788263,23216875,22788850,7782538,39919128,2815211,33239848,3864069,9418154,8516397,873323,28434,114773702,49691769,25587550,14174855,9929364,61446939,15830503,18865450,26750986,3634995,2093566,832104,709325,3124079,32042,17191,3092037,1330785,9526437,779573,8723975,22889,47759008
2013-11,103297410,34736180,56819959,11741271,53757470,23219933,22688127,7849411,40270189,3128418,33278389,3863382,9269751,8387830,853443,28478,113720221,49530498,25228282,14316005,9986210,60983275,15765211,19158307,26059757,3206448,1887453,586167,732828,2685163,31812,19572,2653351,928686,9613347,816101,8774404,22842,37655501
2013-12,103244221,34621798,56978878,11643545,53487793,23102858,22625743,7759191,40841134,3472635,33512254,3856245,8915295,8046305,840881,28109,112340020,48993857,24602962,14117137,10273758,60325435,15364682,19085259,25875494,3020728,1734952,592588,693187,2878075,31660,19796,2846415,1005500,9876570,1038204,8829292,9074,49247248
2014-01,103093352,34611403,56839903,11642046,53263180,22992499,22518781,7751900,41070682,3713086,33495960,3861636,8759490,7905818,825162,28510,112473253,49420402,24845029,14399811,10175562,60050144,15292714,19214153,25543277,3002707,1699173,605762,697772,3147712,31669,19814,3116043,1271104,9690097,877563,8805677,6857,43546301
2014-02,102937695,34763243,56526864,11647589,53049371,22976449,22320301,7752621,41292829,4036133,33389891,3866805,8595495,7750660,816672,28162,112323117,49598749,24953935,14396616,10248199,59835871,15201762,19159071,25475038,2888497,1615029,585768,687700,3083859,16218,9292,3067642,1191230,9642751,869811,8772940,0,38057999
2014-03,102444227,35388498,55611217,11444511,52610086,23122140,21872697,7615249,41185801,4449634,32934994,3801174,8648339,7816724,803527,28088,112283185,50880848,25806082,14703282,10371485,58555750,14546693,18768858,25240200,2846586,1581139,595587,669861,3139313,17951,10936,3121362,1428342,9601456,852061,8749396,0,35998762
2014-04,102468631,35933205,55185305,11350120,52397745,23234289,21618600,7544856,41452742,4916956,32758498,3777289,8618144,7781960,808207,27976,112315675,51107393,25586738,15077946,10442708,58377815,14347398,18695088,25335329,2830467,1577481,590129,662857,3515881,13805,6800,3502076,1828101,9475843,768297,8707546,0,52602274
2014-05,101702233,36588506,54073577,11040150,51694766,23367490,21020332,7306945,41339381,5389801,32244191,3705388,8668086,7831215,809055,27817,111866592,51529914,25763729,15204080,10562105,57390207,13928343,18619851,24842012,2946472,1680229,580327,685915,3377283,7602,605,3369680,1768599,9521720,859591,8662129,0,39141627
2014-06,101357096,36862056,53509744,10985296,51362001,23405378,20691313,7265310,41597519,5900006,32005249,3692264,8397576,7556672,813182,27722,110561082,51735013,25550738,15697350,10486926,56134989,13035694,18863797,24235498,2691080,1458562,575156,657363,3469659,7381,398,3462278,1728831,9459065,813886,8645179,0,34981794
2014-07,100767109,37548356,53123175,10095578,50344246,23522839,20284509,6536898,42073838,6510842,32032342,3530654,8349025,7514675,806324,28026,109615446,51826760,25276302,15897555,10652903,55237001,12552402,18575463,24109135,2551685,1344212,573526,633947,3459129,12389,6310,3446739,1834876,9461876,768019,8693857,0,24962670
2014-08,100987154,38250608,52650515,10086031,50076036,23562762,19996502,6516772,42446402,7046516,31858032,3541854,8464716,7641330,795981,27405,108924645,51636412,25203835,15809412,10623166,54564304,12285242,18323966,23955096,2723928,1355725,746369,621835,3484196,12293,6205,3471902,1914766,9526216,768873,8757343,0,24910217
2014-09,101139694,38966717,52200127,9972850,49750578,23587433,19722487,6440658,42659310,7572281,31581683,3505346,8729807,7807004,895958,26845,108339874,51515652,24922633,15912612,10680408,53699017,11960480,18295891,23442646,3125204,1693703,799416,632085,3589454,12365,6285,3577089,1983471,9662423,863072,8799351,0,25017480
2014-10,101359728,39629525,51837678,9892526,49652950,23761234,19515532,6376185,43168791,8232276,31446927,3489587,8537987,7636015,875218,26754,108613580,51607534,24956227,15896905,10754402,53850260,12006986,18075605,23767668,3155786,1761719,776094,617974,3813020,11747,5731,3801273,2147339,9481711,734255,8747456,0,35151052
2014-11,101717537,39884259,51850486,9982791,49405974,23531242,19454889,6419843,43894776,8795317,31563045,3536414,8416787,7557701,832553,26534,108658075,51787683,24869366,16191192,10727125,53695285,11948925,18119542,23626819,3175107,1787680,799968,587459,3290045,12324,6324,3277721,1561061,9686492,759653,8926839,0,34075676
2014-12,102117070,40154370,51935459,10027241,54324199,28145210,19718293,6460696,44595166,9455530,31580175,3559461,3197706,2553630,636991,7084,105468292,50086037,22905494,16412291,10768252,52261468,10677872,18181482,23402114,3120787,1734446,789776,596565,3578777,12643,-,3566134,1753386,9788108,779167,9008941,0,38239310
2015-01,102637373,40267506,51068506,11301360,54526489,27914991,19334569,7276929,44988904,9861660,31111557,4015687,3121980,2490856,622380,8744,104277583,49549140,22438371,16298321,10812449,51371881,10438204,18090159,22843518,3356562,1889598,828435,638528,3390759,17898,13260,3372861,1607360,9700999,733441,8967557,0,37059149
2015-02,102140460,40500965,50625839,11013656,54019326,27833189,19107154,7078983,45005311,10169754,30909571,3925987,3115823,2498023,609114,8686,104252679,49877389,22279989,16769465,10827935,50922947,10111673,18037524,22773750,3452342,1989295,830845,632202,3778654,17838,13248,3760815,1952487,9691247,765384,8925862,-,32253130
2015-03,102393524,41563383,49810713,11019428,53829802,28031675,18721347,7076780,45418299,10993841,30490540,3933919,3145423,2537867,598826,8730,104570688,51306888,23106843,17196262,11003782,49967478,9827543,17578526,22561410,3296322,1906859,825951,563513,3525926,15302,13184,3510624,1729803,9670863,805809,8865054,0,31975688
2015-04,102534777,42216187,49466965,10851625,53554570,28121489,18470658,6962423,45994983,11627260,30485725,3881999,2985223,2467438,510583,7203,104314476,51662863,23043318,17584704,11034841,49654567,9656574,17357125,22640868,2997047,1750642,781954,464452,3228941,15165,13182,3213776,1464353,9721651,839436,8882215,-,36754060
2015-05,104486680,43776402,50392006,10318272,54369912,28747838,19118171,6503903,47000375,12432198,30761280,3806898,3116393,2596366,512555,7471,105132091,52885698,22878966,18934037,11072695,48854799,9719178,16575382,22560239,3391594,1867034,1054933,469627,3205262,18027,16056,3187235,1377266,9926205,1041930,8884275,0,26814403
2015-06,105017473,45956298,50271505,8789670,54054705,29824893,18955526,5274286,47836076,13530236,30797874,3507967,3126691,2601170,518104,7417,105946701,53682725,23580381,18916438,11185906,49099849,9841806,16605358,22652685,3164128,1704237,987012,472879,4142055,16817,15137,4125238,2220559,9917020,1056788,8860232,0,32590457
2015-07,104211667,47480754,49060047,7670867,53409330,30519426,18444977,4444928,47718037,14384389,30115033,3218615,3084300,2576939,500037,7324,104509309,53259556,22959758,19017091,11282707,47941811,9412859,16212316,22316636,3307942,1701206,1077405,529331,3650241,23343,21103,3626898,1826488,9885791,1017425,8868366,0,32538461
2015-08,104730187,48732268,48872025,7125894,53321059,30959224,18312520,4049314,48325009,15191648,30063896,3069465,3084119,2581396,495609,7115,105342431,53855587,23222343,19189237,11444007,48219185,9565949,16139299,22513938,3267659,1758444,1010892,498323,3806134,23257,21047,3782877,1977660,9800221,939853,8860368,0,29759435
2015-09,104776022,49821372,48056321,6898329,52937776,31188488,17857398,3891890,48772694,16054973,29718281,2999441,3065551,2577911,480642,6999,105484236,54757883,23571362,19488276,11698245,47510326,9337515,15822350,22350461,3216027,1736461,1018776,460790,4068330,23415,21235,4044915,2206066,9885105,1040488,8844617,0,33787118
2015-10,105280485,50902288,47544020,6834176,52765794,31420344,17508978,3836472,49427404,16873021,29563775,2990608,3087287,2608923,471267,7096,105217747,54953666,23746889,19246810,11959966,46881242,9252323,15533428,22095492,3382839,1862848,1058512,461480,3930846,23808,21659,3907038,1965367,9895136,947839,8947297,0,36570961
2015-11,107620822,51964742,47457291,8198790,53667333,31534961,17503432,4628939,50877580,17822731,29492193,3562656,3075910,2607049,461666,7195,106692136,56015267,24291178,19598768,12125322,47220317,9557773,15402219,22260325,3456552,1861601,1131103,463848,4194187,23838,21750,4170350,2249967,9810953,829299,8981655,0,35994325
2015-12,107952806,52621930,47441675,7889200,52943006,31356551,17246618,4339838,51953547,18673759,29738242,3541546,3056253,2591621,456816,7817,104832468,54344910,22586388,19577395,12181128,46776450,9593985,14515859,22666606,3711108,2274279,1077004,359826,4613899,19101,16144,4594798,2376122,9971059,834368,9136692,0,35513996
2016-01,107623084,52857293,47145788,7620004,52430719,31162452,17087074,4181193,52169097,19125855,29611353,3431889,3023268,2568986,447361,6922,104058144,53919987,22318866,19515023,12086098,46606773,9793440,14200166,22613168,3531384,2165318,1030816,335250,4430286,19301,-,4410985,2153990,9919700,846659,9073041,0,33233580
2016-02,107245309,54085533,46038976,7120800,52064102,31587487,16624833,3851782,52140340,19890015,28988124,3262202,3040866,2608031,426019,6816,103400131,54065068,22406541,19531536,12126991,45821607,9337018,13974941,22509649,3513456,2173200,1011761,328495,4605653,18898,-,4586755,2115497,9986993,970491,9016502,0,33776779
2016-03,107948741,55816700,45555252,6576788,52107107,32226352,16370937,3509818,52776863,20947747,28768737,3060379,3064771,2642601,415578,6592,103852597,55000458,22964438,19709564,12326456,45659766,9215704,13799006,22645056,3192374,1964905,920431,307038,4506739,18660,-,4488078,2036550,9968879,958499,9010380,0,32792178
2016-04,108682568,57217298,45127101,6338169,52125229,32610355,16155970,3358903,53542257,22007081,28562465,2972710,3015083,2599861,408666,6556,102729090,55178154,22818769,19842536,12516850,44431906,8792918,13521532,22117456,3119030,1735980,1087103,295947,5027600,11916,-,5015684,2439790,9803531,918025,8885505,0,33889899
2016-05,109393312,58526627,44748396,6118288,51762644,32736436,15807562,3218646,54702212,23268321,28540846,2893045,2928455,2521870,399989,6597,103155836,55507573,22779764,20022704,12705105,44651677,8850432,13608581,22192664,2996585,1629955,1072929,293702,5339764,11572,8933,5328192,2574904,9705929,859401,8846529,0,34940056
2016-06,110525688,60109729,44350272,6065688,51958674,33201133,15586828,3170713,55653623,24395616,28369545,2888462,2913391,2512980,393898,6514,101631075,55168670,22593042,19853490,12722139,43444239,8754550,12926759,21762931,3018165,1624408,1101462,292295,5437514,12009,8844,5425505,2633291,10005363,965863,9039500,0,37944790
2016-07,110468478,61247797,43309160,5911521,51900488,33645342,15175195,3079951,55870007,25288392,27755873,2825742,2697983,2314064,378092,5827,100408730,54811170,22167233,19827068,12816869,42590796,8178899,12788670,21623227,3006765,1591396,1131742,283627,5260906,11734,8238,5249171,2493460,9941721,949001,8992720,0,42367812
2016-08,110801891,62464701,42638266,5698924,51842843,34052268,14844293,2946283,56326155,26148303,27430726,2747126,2632892,2264129,363248,5515,99077265,54355772,21781261,19638764,12935748,41745831,7881677,12517558,21346596,2975662,1628675,1077182,269806,5505593,8702,7097,5496891,2736293,10063228,1027819,9035409,0,43455834
2016-09,111369360,63607009,42104285,5658066,52001690,34527076,14563113,2911501,56670463,26745208,27184151,2741104,2697208,2334725,357021,5462,99850055,54905778,22049424,19887828,12968526,41543317,7853479,12422393,21267446,3400959,1885011,1249297,266652,5627200,8692,-,5618509,2896746,10147636,1035726,9111910,0,41251289
2016-10,112281575,64432040,42184446,5665088,52244909,34821866,14524596,2898447,57281770,27213544,27307300,2760926,2754896,2396631,352550,5716,101402445,56050977,22670300,20302342,13078334,42117146,8115359,12490544,21511243,3234323,1806341,1158102,269880,5070178,8105,-,5062073,2314423,10349774,1041996,9307778,0,51298536
2016-11,112848438,65334371,41868288,5645779,52270797,35038416,14356161,2876221,57879649,27948685,27167252,2763712,2697991,2347270,344875,5846,102221187,56694255,22664857,20601414,13427984,42237368,8250965,12471310,21515093,3289565,1879235,1136031,274300,5555185,8387,-,5546798,2629129,10454955,1165129,9289826,0,53577187
2016-12,113036500,66075093,41334902,5626505,52234751,35331486,14044917,2858348,58445567,28728055,26955124,2762388,2356183,2015552,334861,5770,101641680,56498249,21948449,20908043,13641758,42065319,8468112,12257292,21339915,3078112,1619833,1187569,270710,5422395,7642,-,5414753,2746526,10485717,1131117,9354600,0,60755203
2017-01,112555301,66310695,40654944,5589661,51794861,35181992,13776308,2836561,58420824,29122837,26550535,2747452,2339616,2005866,328101,5649,100395927,55747160,21852759,20943882,12950518,41619972,8381296,12136402,21102273,3028795,1536106,1222603,270087,5061841,6601,-,5055240,2308130,10277897,1109489,9168408,0,49649739
2017-02,113000247,67084962,40356360,5558926,51714168,35275284,13626138,2812746,58935034,29788979,26405506,2740549,2351046,2020699,324716,5631,101635013,56581237,22379239,20870552,13331447,41917266,8585111,12064383,21267772,3136511,1666074,1201028,269408,5175523,7392,-,5168131,2252997,10295148,1157797,9137351,0,56559905
2017-03,114125093,68410258,40206885,5507951,52226416,35941075,13505098,2780243,59572153,30466585,26383458,2722110,2326524,2002599,318328,5598,103336862,58069356,22699990,21342492,14026875,42179317,8805194,11903923,21470200,3088189,1607578,1221668,258943,5638415,7254,2971,5631161,2617003,10337604,1250457,9087147,0,56621155
2017-04,114310224,69315713,39675881,5318630,52135981,36181960,13281801,2672220,59867360,31145275,26081101,2640985,2306883,1988478,312979,5426,103344277,58548332,22664035,21377876,14506421,41688754,8622688,11917335,21148732,3107191,1649550,1203145,254496,5611509,6799,-,5604710,2379088,10230559,1249983,8980577,0,64303368
2017-05,115541393,71033489,39673751,4834153,53069352,37364915,13246601,2457836,60566264,32079313,26115886,2371066,1905777,1589261,311264,5251,103549317,58577039,22419764,21435161,14722113,42036045,8974197,11824787,21237061,2936234,1585840,1107156,243238,5693323,5860,1325,5687463,2251618,9928014,991547,8936467,0,62439210
2017-06,116629260,72765719,39147494,4716046,53159887,37750237,13019485,2390164,61544452,33404358,25819331,2320763,1924921,1611123,308678,5119,103888581,59802487,22680658,22015361,15106468,41328949,8895534,11469403,20964012,2757144,1477733,1052901,226510,6562017,-,-,6541235,3049060,9330675,920579,8410096,0,56443238
2017-07,117751257,74461485,38821209,4468564,53339415,38207677,12876629,2255109,62453520,34603863,25641133,2208524,1958323,1649944,303447,4931,104258070,60157089,22792720,21999420,15364950,41664314,9276748,11416146,20971420,2436667,1334525,883311,218832,6265717,-,-,6245114,2758055,9520720,1131911,8388810,0,55430526
2017-08,119361240,76288832,38668808,4403600,54036596,39042370,12778697,2215530,63216904,35443129,25590754,2183021,2107739,1803333,299357,5049,104352822,60288051,22856201,21769990,15661860,41737718,9188674,11456743,21092301,2327053,1246338,868096,212618,6036550,-,-,6011993,2535073,9464664,737474,8727190,0,63215493
2017-09,120026658,77346933,38324411,4355314,54222891,39413170,12627891,2181831,63875930,36306528,25400882,2168520,1927837,1627236,295638,4963,106479280,61805496,23773784,22001495,16030216,42013183,9539103,11230942,21243138,2660601,1504069,949065,207467,6479316,-,-,6454740,2861199,9477993,812164,8665829,0,64647372
2017-10,120651257,78481705,37924716,4244836,54166517,39586434,12465508,2114575,64568968,37273172,25170185,2125611,1915772,1622099,289024,4650,106625434,61657473,23727416,21705369,16224689,42310450,9320835,11819221,21170394,2657511,1492360,955746,209406,6478927,-,-,6454360,2783400,9361300,679880,8681420,0,70765021
2017-11,121679999,79536218,37922783,4220998,54271410,39734603,12443158,2093649,65522204,38205103,25194351,2122750,1886385,1596513,285273,4599,107574144,62370004,23830060,22168174,16371770,42311385,9144514,11877362,21289509,2892756,1766602,920104,206051,6658452,-,-,6634234,2913606,9382470,758269,8624202,-,68136791
2017-12,121839850,80171458,37515784,4152609,53835464,39519411,12273695,2042359,66155365,39085033,24964626,2105706,1849022,1567015,277463,4544,104138612,61863778,23806170,21399315,16658293,39657195,8312029,11480210,19864956,2617639,1554794,892360,170485,6624855,-,-,6600282,2859008,9269847,727579,8542268,0,79483442
2018-01,122019115,80693427,37185446,4140242,53650232,39473441,12144465,2032326,66562607,39691841,24767261,2103505,1806275,1528145,273720,4411,104115204,61516477,23609751,21479312,16427413,40010647,8711630,11525381,19773636,2588080,1544073,882169,161838,6569590,-,-,6544999,2765750,9207723,730648,8477075,0,72674852
2018-02,122526019,81480308,36903877,4141835,53582161,39515057,12032411,2034694,67145458,40440676,24602088,2102694,1798400,1524575,269378,4447,104432034,61511048,23417238,21644661,16449149,40166156,8836251,11616248,19713658,2754830,1682873,913445,158513,6330518,28615,-,6301902,2487827,9143814,711118,8432695,0,74896387
2018-03,124876943,84330301,36528531,4018111,55437333,41584649,11884236,1968448,67638346,41214408,24378625,2045313,1801265,1531244,265671,4351,105390749,62665167,23601743,22259331,16804092,40121012,8749161,11784215,19587637,2604570,1549863,895304,159403,6411005,28687,-,6382319,2854951,9079295,699025,8380270,0,77521062
2018-04,125685153,85561676,36215056,3908421,55713921,42042766,11759045,1912111,68141546,41953524,24196061,1991960,1829685,1565386,259951,4349,106133323,63124454,23914137,22481952,16728365,40268846,8621382,11809059,19838405,2740023,1700899,640516,398608,6562594,-,-,6537971,2900527,9034392,673997,8360396,0,68219574
2018-05,127045609,87235200,35795717,4014692,56336818,42774890,11599980,1961948,68878442,42889362,23940877,2048204,1830349,1570948,254861,4541,105738861,63730609,23613953,23025220,17091437,39477308,8322841,11093022,20061444,2530944,1412239,738288,380417,6336996,-,-,6312375,2754865,9013471,705691,8307780,0,66275117
2018-06,128286245,88863702,35528315,3894229,56645076,43312430,11462441,1870205,69824111,43986455,23819804,2017852,1817059,1564816,246070,6173,107564320,64977591,24272050,23375433,17330108,40079887,8917165,11010117,20152605,2506843,1301764,826271,378808,6597802,-,-,6572840,2981990,8982442,623725,8358717,0,67566750
2018-07,129128734,90356390,34978380,3793964,56992754,43903333,11272440,1816981,70302744,44869025,23462419,1971300,1833236,1584033,243521,5683,107701986,64984318,24539419,23128889,17316010,40272878,8759133,11085200,20428545,2444791,1259378,822521,362892,6506271,-,-,6481662,2937494,9057190,707779,8349411,-,67912528
2018-08,130315361,91697769,34896186,3721406,57482167,44467186,11247342,1767639,70963993,45609561,23406979,1947452,1869201,1621022,241865,6315,108002574,64643056,24346808,22996853,17299395,40933412,8475812,11678791,20778809,2426106,1230779,829284,366044,6630024,-,-,6605480,2856160,9166319,704890,8461429,-,71712701
2018-09,131337462,92890652,34767507,3679304,57785696,44877450,11165895,1742352,71654298,46378540,23346010,1929748,1897468,1634661,255602,7205,109762092,65532685,25087847,22986441,17458398,41561465,8618438,12066543,20876484,2667942,1394658,911908,361376,6552794,-,22,6528354,2764111,9205582,709571,8496011,-,71179937
2018-10,132272976,94206148,34469354,3597474,58081015,45352748,11035336,1692931,72320084,47239574,23183213,1897297,1871877,1613826,250805,7246,110519613,65672722,25541198,22754282,17377242,42095254,8684422,12251753,21159079,2751637,1447152,945471,359014,6829624,-,30,6805374,2863225,9091768,632950,8458817,-,82610296
2018-11,132773029,95088479,34115815,3568735,58117718,45550265,10895554,1671899,72838645,47976738,22972300,1889608,1816666,1561476,247962,7228,110945472,65515279,24707741,23334083,17473455,42457703,8317635,12810353,21329715,2972490,1690592,921673,360226,6992734,-,17,6968696,3232546,9158538,740558,8417980,-,79714194
2018-12,133013867,95667305,33794402,3552159,57933980,45575125,10699178,1659677,73484213,48746633,22850163,1887416,1595674,1345546,245061,5066,110739586,65842684,24701764,23209514,17931407,42173444,7699407,12689269,21784768,2723457,1481058,912287,330112,7346655,-,5,7342242,3720724,9065715,766410,8295917,-,80083842
2019-01,133513431,95939262,34044850,3529320,57692378,45299164,10749484,1643730,74233404,49305149,23047764,1880490,1587649,1334948,247601,5100,111669834,64925497,24479710,22766833,17678954,43506592,8331846,13013002,22161744,3237745,1783661,946787,507298,7008930,-,-,7005301,3303163,9111422,833282,8274752,-,78567184
2019-02,133867642,96527641,33823392,3516609,57592673,45296276,10658089,1638309,74684412,49889638,22921321,1873453,1590557,1341728,243982,4847,111401036,64976535,24769937,22419968,17786629,43435537,8192904,13097827,22144806,2988964,1576187,908367,504410,6679693,-,-,6676262,2985678,9045892,786868,8254039,-,74781205
2019-03,134922489,97711570,33667304,3543616,58073452,45842122,10582343,1648987,75252501,50520599,22842734,1889168,1596537,1348849,242226,5461,113153492,65948530,24875347,22843036,18230147,44201267,8475126,13404184,22321958,3003695,1595669,911051,496976,6831736,-,-,6828449,3047333,8966105,769973,8192554,-,63694832
2019-04,135442365,98652573,33352628,3437164,58260184,46191796,10467655,1600733,75595895,51117142,22647603,1831149,1586286,1343635,237370,5282,113964056,66498287,24949632,23508850,18039806,44315513,8323832,13524363,22467319,3150257,1731437,913738,505081,7133761,-,-,7130729,3208437,8859125,748054,8109764,-,71163366
2019-05,136296109,99898380,32966694,3431035,58676297,46751603,10335139,1589555,75956373,51704750,22414235,1837389,1663439,1442027,217321,4091,113874387,66460980,24634285,23686587,18140108,44372787,8012766,13862767,22497254,3040620,1678897,862896,498827,7369319,-,-,7366484,3184569,8856858,740858,8115825,-,66945999
2019-06,137123674,101152629,32557385,3413660,58932319,47181946,10171212,1579160,76492992,52492159,22169248,1831585,1698363,1478524,216925,2914,114423838,67339739,24691009,24214996,18433734,44284498,7870985,13460618,22952895,2799601,1494179,806141,499281,8023391,-,-,8020759,3506658,8845348,750699,8094648,-,67718627
2019-07,138596406,102984143,32217212,3395051,59489454,47889038,10031202,1569214,77141070,53346977,21970992,1823101,1965881,1748128,215018,2736,115595232,67718832,24980648,24331232,18406951,45033721,8074615,13520810,23438295,2842680,1500158,838276,504245,8450257,-,14,8447813,3558377,9095104,836027,8259077,0,66647037
2019-08,139836403,104534200,31904657,3397547,59893324,48419881,9906981,1566461,77809534,54197712,21783327,1828495,2133546,1916606,214349,2591,116222272,67790877,25034322,24235885,18520669,45351809,7998619,13730015,23623175,3079587,1727472,839834,512280,8579900,-,19,8577652,3549267,9287639,822360,8459202,-,58175820
2019-09,141018191,105838568,31781990,3397633,60197421,48782810,9850642,1563969,78624999,55078724,21715237,1831038,2195771,1977034,216111,2626,117327155,67875089,24951005,24173678,18750406,45823021,7822431,13994074,24006516,3629045,2186848,923031,519165,8430805,-,25,8428746,3406423,9576844,850294,8723193,-,59008821
2019-10,141899962,107090320,31510176,3299466,60240939,48993143,9739545,1508250,79508531,56166437,21553399,1788695,2150493,1930741,217232,2520,118160748,68458691,25256066,24267333,18935293,46579028,7995101,14223622,24360305,3123029,1841366,818470,463193,8234022,-,-,8232184,2844579,9358524,704989,8651784,-,56871240
2019-11,142750946,108139468,31331746,3279733,60462903,49324236,9643388,1495279,80391071,57142862,21466312,1781898,1896972,1672370,222046,2556,117769585,68452376,25101937,24271172,19079268,46192815,7579257,14137399,24476159,3124394,1823042,823190,478162,8151366,-,9,8149723,2580982,9409439,803607,8599576,-,54579677
2019-12,143059129,108742713,31040288,3276129,60084214,49074826,9521535,1487852,81177606,58098493,21293336,1785777,1797310,1569394,225417,2499,117747753,68602290,24835655,24330217,19436418,46205400,7352040,14213094,24640267,2940064,1647406,817408,475250,6768087,-,24,6766630,1148546,9661846,756694,8898829,-,65583111
2020-01,143355259,109321931,30739934,3293393,59948156,49057370,9399153,1491633,81638863,58726571,21113054,1799239,1768239,1537990,227727,2522,117813540,68241048,24612437,24301282,19327329,46699052,7587365,14346814,24764873,2873440,1556195,851563,465682,8477948,-,-,8476684,2922377,9683605,838259,8840555,-,67300853
2020-02,144418409,110409019,30710047,3299343,60325828,49460025,9371134,1494669,82354502,59449583,21102700,1802219,1738080,1499411,236213,-,118257735,67717963,24425073,23880741,19412149,47432862,7886023,14536766,25010073,3106910,1536508,1089428,480975,8380975,75,-,8380900,2686728,9927317,1083037,8841519,-,65024139
2020-03,145236758,111431643,30511647,3293468,60333263,49574557,9268283,1490424,83145089,60339450,21005060,1800580,1758405,1517636,238304,-,118302171,67625999,23861477,23878261,19886261,47817271,7695639,14656629,25465003,2858902,1496519,880204,482178,9012057,255,-,9011802,3074130,14151739,5168578,8983052,-,65415572
2020-04,144889939,111210222,30402360,3277357,59276956,48595151,9203192,1478613,83865879,61109401,20960216,1796262,1747104,1505670,238952,-,117113825,66782841,22835521,23840655,20106666,47448621,7205882,14613160,25629578,2882363,1506992,786722,588649,9120665,249,-,9120416,3116464,18783934,9784908,8999026,-,77127743
2020-05,144828521,111463171,30183936,3181414,58787449,48236898,9117516,1433035,84285518,61713764,20825799,1745955,1755554,1512509,240621,-,116337359,66121045,22320880,23418978,20381187,47487661,7139554,14261486,26086621,2728654,1334509,873231,520914,7980928,-,-,7980876,1988201,19480414,10471467,9008947,-,86028805
2020-06,145497536,112394247,29944320,3158970,58929747,48481654,9026225,1421868,84615623,62202521,20678409,1734693,1952166,1710072,239686,-,116374824,67036678,22436327,23918998,20681354,46797113,6861241,13850469,26085403,2541033,1268213,763914,508906,8246059,-,-,8246015,2133220,10280024,1071332,9202812,-,75272759
2020-07,146675648,113983293,29611778,3080577,59287292,48993542,8908383,1385367,85199075,63041235,20464906,1692933,2189281,1948517,238488,2276,117373034,68057312,21918608,25405193,20733511,46769727,6754453,13750094,26265179,2545996,1265295,834254,446446,8115612,-,6,8115570,2018683,10495329,1169219,9321104,-,71815047
2020-08,147570942,115148689,29365282,3056971,59411527,49234499,8804302,1372726,85849063,63844230,20322846,1681988,2310353,2069961,238134,-,118745056,69175794,22191723,25957250,21026821,47000035,6835493,13821746,26342796,2569227,1359243,749228,460757,8177062,4,4,8177058,1960434,10645263,1189140,9450711,-,75724375
2020-09,148580627,116283568,29287431,3009629,59591420,49485964,8762478,1342979,86595417,64661341,20269710,1664367,2393790,2136263,255244,-,120577236,70421340,21936106,27259151,21226083,47504476,6854047,14277350,26373080,2651420,1412041,767071,472309,8342451,1,1,8342449,2003920,10837872,1188280,9639735,-,83533402
2020-10,149114057,117100965,29025892,2987200,59523904,49536150,8660699,1327055,87336536,65567984,20110702,1657850,2253617,1996831,254491,-,122188918,71786404,21533186,28273243,21979975,47648361,7159007,14410841,26078513,2754153,1358120,931482,464551,7869663,4,4,7869659,1923006,12941435,3191921,9746929,-,80216294
2020-11,149629154,118001458,28733887,2893809,59385145,49552408,8551366,1281371,88188579,66648241,19930154,1610184,2055431,1800810,252367,-,123350707,73012307,21578013,29151592,22282702,47673287,7197220,13565373,26910694,2665113,1348079,833261,483774,8021171,-,-,8021162,2041675,10922759,1176039,9734804,-,81197826
2020-12,149877508,118648450,28385305,2843754,58784274,49117699,8409543,1257032,89175439,67865744,19725214,1584482,1917796,1665008,250548,-,123962922,73947164,21007353,29659954,23279856,47388451,6987876,13375044,27025531,2627307,1367532,696794,562981,8530025,26,26,8529999,2203093,11119115,1163205,9945415,-,104622459
2021-01,150083178,119155770,28106187,2821221,58409327,48852245,8314141,1242941,89798571,68679798,19542755,1576019,1875280,1623728,249292,-,124826273,74415303,21002793,30009822,23402689,47687577,7295965,13145616,27245997,2723393,1407777,752134,563482,8620439,-,-,8620407,2325033,11111015,1205624,9903005,-,95189196
2021-02,150606875,120076369,27801227,2729279,58383422,48982225,8203825,1197373,90347045,69466263,19351128,1529654,1876408,1627882,246274,-,126216404,75721200,21349819,30379910,23991472,47944133,7334209,13295067,27314857,2551071,1331477,657214,562380,8719609,-,-,8719605,2435724,11005240,1190573,9806762,-,87687211
2021-03,152287143,121802631,27786822,2697691,58902680,49564668,8159309,1178702,91465122,70565932,19382480,1516711,1919341,1672031,245033,-,129521486,78004615,21281076,32292487,24431052,48844329,7474958,13568305,27801067,2672542,1391324,690668,590550,8760769,19,19,8760750,2401355,10936705,1218267,9714905,-,98240692
2021-04,153571262,123469572,27438663,2663026,59330743,50115965,8054990,1159789,92254504,71614226,19139381,1500897,1986015,1739382,244293,2340,130795217,78831720,21658436,32390698,24782587,49187548,7852238,13730235,27605075,2775949,1476336,736382,563231,9192652,3,3,9192648,2852155,10978417,1295114,9671877,-,102623842
2021-05,155099274,125364161,27101658,2633455,59850694,50767491,7939148,1144055,93134976,72730191,18917714,1487072,2113604,1866479,244796,2329,131802600,79670551,21746685,32926448,24997418,49321075,7674510,13707843,27938722,2810974,1627254,623930,559790,9367424,-,-,9367406,2603799,11210251,1501869,9677828,-,88590867
2021-06,156901800,127442777,26853835,2605187,60431397,51454585,7848906,1127905,94140159,73923963,18741291,1474905,2330244,2064229,263638,2377,133457860,81839457,22060839,34398435,25380184,48684225,6968481,13920784,27794960,2934178,1679430,677301,577447,9962075,9,9,9962066,2567495,13880624,3794781,10037032,-,77414899
2021-07,159019536,129899602,26510456,2609478,61162222,52297643,7737714,1126865,95374248,75381580,18512410,1480258,2483066,2220380,260331,2355,137312815,83748927,22584324,35736764,25427839,50336531,7677788,14211029,28447713,3227357,1908558,746149,572650,10257595,1,1,10257595,2669500,11321140,1505056,9754570,-,109876268
2021-08,160852593,132007864,26271408,2573321,61791578,53025726,7658238,1107613,96591241,76772681,18355219,1463342,2469775,2209457,257951,2367,138592040,84557771,22820360,36024198,25713213,51103073,7972591,14566183,28564299,2931196,1690158,671682,569357,10246605,-,-,10246600,2492721,11422542,1573108,9783209,-,112188178
2021-09,162306304,133766352,26022887,2517065,62066976,53416138,7572250,1078588,97737865,78106594,18195190,1436081,2501463,2243621,255446,2396,141734755,87363766,23606174,37142895,26614698,51103497,7717413,14686282,28699802,3267492,2012663,674032,580797,10528753,10,10,10528744,2681726,11584726,1628404,9882059,-,114403780
2021-10,163092826,134849419,25725462,2517945,61995129,53452960,7466819,1075350,98712508,79265808,18006474,1440226,2385189,2130651,252169,2369,143293382,88374591,24123164,37632816,26618611,51631152,7770244,14830843,29030065,3287639,1936602,742127,608911,10558548,-,-,10558545,2666104,11571036,1506091,10001364,-,111153561
2021-11,163897031,135984084,25407860,2505088,61988381,53568104,7356888,1063389,99740133,80498780,17802083,1439270,2168518,1917201,248889,2428,147302900,91395454,25334763,38846722,27213969,52246184,7798042,15059798,29388344,3661262,2170852,843241,647170,10780578,-,-,10780575,2547821,11608821,1388205,10174484,-,118535440
2021-12,164372602,136845283,25051875,2475444,61711676,53435901,7227735,1048040,100691048,81687220,17578771,1425057,1969878,1722163,245369,2347,148528095,93206372,25776755,39560883,27868734,52331914,7447664,15429311,29454939,2989809,1507842,793409,688559,11364046,-,-,11364038,2585896,24012731,-,10690709,-,124964300
2022-01,164424700,137233909,24776171,2414620,61371984,53221392,7132443,1018150,101138157,82344139,17399755,1394262,1914560,1668378,243973,-,149512782,93142194,26711214,38432620,27998360,53085766,7891409,15398184,29796173,3284823,1747258,812353,725211,12524388,20,20,12524368,2881426,17885373,-,10640231,-,124400202
2022-02,165476783,138530887,24553388,2392508,61462183,53415879,7042303,1004001,101908392,83296258,17225825,1386308,2106209,1818750,285260,-,152831107,95755131,28707062,38803301,28244769,53774710,8230711,15568592,29975407,3301266,1725454,854583,721228,12457904,13,13,12457891,2754507,17978060,-,10765919,-,123916848
2022-03,166979960,140379715,24248339,2351907,61807462,53899510,6921618,986333,103021175,84631427,17026377,1363372,2151324,1848779,300343,-,156982695,98447446,30022480,39367457,29057508,54953573,8451417,15645426,30856730,3581676,2033120,837952,710605,12170151,17,17,12170134,2045595,18227269,-,10752630,-,116479692
2022-04,167822012,141480061,24013713,2328238,61843360,54033836,6831636,977888,103679807,85453683,16878108,1348016,2298845,1992542,303969,-,159367748,99709155,30901883,39805117,29002155,55596166,8807905,15676745,31111517,4062427,2355253,944306,762867,12693731,-,-,12673262,1985169,20706493,-,10775797,-,118540510
2022-05,169481427,143448889,23747055,2285482,62540131,54842236,6738312,959584,104443931,86418127,16702198,1323607,2497364,2188527,306546,-,162683351,101831166,31163267,41295747,29372152,57028674,9264914,16084346,31679414,3823511,2252794,779472,791246,13109170,-,-,13088661,2056369,20859659,-,10797317,-,116068997
2022-06,170831631,144977074,23533724,2320833,63001151,55373175,6654642,973334,105200034,87283970,16570912,1345152,2630446,2319929,308170,-,167863662,103097172,31723337,41918892,29454943,60507124,10037179,17668595,32801350,4259367,2625071,815360,818936,14084741,-,-,14064220,2088632,21069474,-,10823851,-,115372957
2022-07,171633887,146011820,23268550,2353517,63250917,55718364,6546265,986288,105575235,87798539,16411739,1364956,2807736,2494917,310546,-,172437747,105114533,32645697,43297514,29171323,63570292,11611511,18219022,33739758,3752923,2100747,830475,821700,14102428,-,-,14081967,1987211,21157085,-,10962401,-,117117335
2022-08,171945544,146948391,22714895,2282258,63537088,56215560,6366717,954811,105509692,88152135,16032382,1325175,2898764,2580696,315796,-,172719183,104760263,32958815,43316848,28484600,64244366,11836138,18186635,34221592,3714555,2113822,695105,905628,14412051,-,-,14391898,2051590,21174984,-,11065752,-,112684637
2022-09,172863886,147575644,22947830,2340413,63756074,56378870,6401114,976089,106104433,88524296,16218155,1361982,3003380,2672478,328561,-,177146387,103852263,32535006,43293277,28023980,68746317,13906472,19072630,35767215,4547808,2856665,757812,933331,14770486,102,102,14770384,2169970,21409218,-,11122319,-,114504291
2022-10,172002947,147196610,22591301,2215037,63239245,56051569,6265123,922554,105876407,88600375,15985834,1290198,2887295,2544666,340343,-,176277499,102072541,32505992,42418990,27147558,70740397,15004035,19070437,36665926,3464562,2010530,694651,759381,15310589,40,40,15310549,2392408,21372397,-,11353615,-,112560542
2022-11,172002802,147362072,22442318,2198411,63286571,56195445,6180262,910864,105960490,88755917,15919208,1285365,2755741,2410711,342848,-,177156373,99638237,31313013,41843631,26481594,74073074,16532620,19824211,37716242,3445062,2011415,705070,728577,15265886,-,-,15265853,2053995,21383221,-,11550467,-,107544159
2022-12,171495994,146868580,22443991,2183423,62691833,55653312,6135592,902930,106169230,88926331,15964530,1278370,2634931,2288937,343870,-,176489137,97242557,29137973,42009693,26094892,76629429,16702404,21183585,38743441,2617151,1398263,684619,534269,15676793,-,-,15676743,2235821,30676892,16877860,13728019,-,117583622
2023-01,170594374,146374564,22115005,2104805,62403244,55509610,6025169,868465,105613605,88630519,15748820,1234265,2577525,2234436,341016,-,178032201,98373363,29844855,42534272,25994236,76774673,16670645,21348013,38756016,2884165,1706104,554038,624022,15504721,-,-,15504699,2007442,22343521,-,12649685,-,140065398
2023-02,170076557,146044777,21932657,2099123,62184983,55362385,5958147,864451,105333620,88469716,15631336,1232568,2557954,2212676,343174,-,179659770,97696674,28886139,43233247,25577288,78623841,17623109,21458637,39542096,3339256,1998701,609598,730957,16103212,-,-,16103164,2200631,22270937,-,12623007,1,134183863
2023-03,170483829,146544056,21862393,2077380,62669430,55899582,5914667,855181,105265847,88442459,15603381,1220007,2548552,2202015,344344,2192,183455511,98181946,28781240,43690922,25709784,81603061,17978856,22665481,40958724,3670505,2165245,721867,783393,16636729,-,-,16636677,2130471,22293955,-,12615412,-,122145914
2023-04,169712888,146027214,21607462,2078212,62254150,55573248,5826992,853910,104940381,88279460,15438638,1222284,2518357,2174506,341833,-,183676799,98358133,29377911,43577008,25403214,81657754,17813474,22243786,41600494,3660912,2199769,934157,526986,16510284,-,-,16510256,2057103,25004487,12348644,12655843,-,115586672
2023-05,170555511,146935674,21526176,2093661,63122439,56488025,5776091,858323,104878129,88242841,15402029,1233260,2554942,2204808,348057,-,184986814,98161251,27977775,44816787,25366690,83285834,18099536,23117560,42068738,3539729,2132372,861588,545770,16840555,-,-,16840326,2153123,25960192,13273026,12687166,-,127189794
2023-06,170950675,147618765,21278993,2052917,63553184,57017925,5694140,841119,104705119,88255391,15239959,1209770,2692372,2345449,344894,-,187354880,100799766,28476503,46355594,25967669,83021095,17472758,23263882,42284456,3534019,2140582,715137,678301,17057984,114,114,17057870,2100991,23420359,-,12780219,-,121119217
2023-07,171519286,148575068,20894309,2049910,64061129,57641152,5582368,837609,104634839,88455784,14968722,1210332,2823318,2478131,343218,-,189851095,103085803,30488540,46725734,25871529,83040140,17807195,22946486,42286459,3725152,2411166,681282,632705,16900018,98,98,16899919,1932214,22378649,-,12901613,-,123490196
2023-08,172268052,149622337,20616702,2029013,64610836,58280806,5502070,827961,104712727,88742386,14771275,1199067,2944488,2599145,343357,-,189419376,102583111,29595443,46949928,26037739,83153123,17874695,22595342,42683086,3683143,2327326,722274,633543,17063408,111,111,17063297,1786665,22598608,-,13056345,-,109974791
2023-09,172886303,150444443,20435911,2005949,64919480,58648923,5452060,818498,104972554,89126723,14660412,1185420,2994268,2668798,323439,-,190988391,102805112,27668099,49040563,26096451,84314586,18384636,23057231,42872718,3868693,2156594,1029936,682163,17287748,-,-,17276337,1728555,30581761,17333487,13222803,-,125519761
2023-10,173563048,151546445,20035396,1981207,65401945,59248353,5346247,807345,105152140,89608717,14371774,1171649,3008963,2689375,317376,2213,191070225,103445676,29336534,48387206,25721936,84126065,18900585,22379730,42845750,3498483,1847113,1016812,634558,17258270,-,-,17248964,1504338,28783429,-,13543463,-,129461481
2023-11,174131360,152464821,19717484,1949055,65803030,59751682,5258555,792792,105396888,90098358,14144204,1154326,2931442,2614780,314725,-,192547357,104660850,30302705,48475906,25882239,84512266,18629133,22484416,43398717,3374241,1796096,952621,625524,17554547,-,-,17544074,1551333,34768148,20813229,13954919,-,136184650
2023-12,173912719,152540867,19375984,1995868,65371823,59397248,5164868,809708,105771403,90682509,13904628,1184265,2769493,2461110,306488,-,194644993,105712782,37458209,43175419,25079153,85641386,19183023,22134944,44323420,3290825,1892585,915039,483201,18414006,-,-,18403751,2068059,37247201,22093011,15114099,-,150195907
2024-01,173845384,152831521,19061890,1951973,65562430,59681625,5087198,793608,105580275,90755711,13668121,1156443,2702679,2394185,306571,-,192687382,104334581,36494968,42908250,24931363,85052186,18883692,21942674,44225820,3300614,1875002,935904,489709,18270558,-,-,18259590,2063266,33348472,-,15040981,0,164479228
2024-02,174525321,153909234,18734567,1881520,66164435,60394670,5004720,765045,105665891,91122937,13428382,1114572,2694996,2391627,301466,-,191216510,103502075,35530575,43162522,24808979,84538873,18858760,21434039,44246074,3175563,1758312,927463,489788,18236573,-,-,18226831,2076753,45000779,29978759,15022020,-,166762137
2024-03,176038376,155776471,18449798,1812108,67512933,61851395,4926846,734691,105850922,91549816,13225590,1075516,2674522,2375261,297361,-,192797606,104934068,36978999,42922186,25032883,84709318,18688850,21570808,44449660,3154220,1469540,1192957,491723,19195112,-,-,19187006,1997603,37628105,22507254,15120851,-,163045899
2024-04,177866399,157966662,18129924,1769813,68961909,63405736,4838443,717729,106218067,92168884,12999024,1050159,2686423,2392042,292457,-,194236308,104616040,37241492,42290253,25084296,85784279,18356046,21432856,45995377,3835988,2143039,1197385,495565,19393569,-,-,19387300,1747964,51618357,36451474,15166883,-,148640264
2024-05,179521072,159955792,17835158,1730121,70391651,64933553,4755969,702129,106411842,92597194,12788521,1026127,2717578,2425045,290667,-,193658156,104166533,37281598,41722727,25162209,85502517,18595341,21174148,45733029,3989106,2326671,1166536,495899,20331130,-,-,20325380,1919948,33806016,18523525,15282492,-,158066533
2024-06,181059357,161741203,17581326,1736828,71492287,66104645,4681745,705896,106764795,93123353,12612166,1029276,2802274,2513205,287414,-,198041253,108506807,39151193,43908994,25446621,85849096,19028567,21037309,45783221,3685350,1927470,1244530,513350,21419743,-,-,21415046,2330393,27910737,12454350,15456387,-,152206446
2024-07,183330529,164327894,17287202,1715434,73198795,67892905,4603154,702736,107182281,93768183,12403025,1011073,2949453,2666806,281023,-,199248385,109938681,37838301,46532906,25567474,86404712,19078412,21568603,45757697,2904993,1207482,1192654,504856,21374323,-,-,21367543,2039103,26353590,-,15605187,-,139616551
2024-08,,,,,,,,,,,,,,,,,,,,,,,,,,,,,,,,,,,,,,,
2024-09,,,,,,,,,,,,,,,,,,,,,,,,,,,,,,,,,,,,,,,
2024-10,,,,,,,,,,,,,,,,,,,,,,,,,,,,,,,,,,,,,,,
2024-11,,,,,,,,,,,,,,,,,,,,,,,,,,,,,,,,,,,,,,,
2024-12,,,,,,,,,,,,,,,,,,,,,,,,,,,,,,,,,,,,,,,
2025-01,,,,,,,,,,,,,,,,,,,,,,,,,,,,,,,,,,,,,,,
2025-02,,,,,,,,,,,,,,,,,,,,,,,,,,,,,,,,,,,,,,,
2025-03,,,,,,,,,,,,,,,,,,,,,,,,,,,,,,,,,,,,,,,
2025-04,,,,,,,,,,,,,,,,,,,,,,,,,,,,,,,,,,,,,,,
2025-05,,,,,,,,,,,,,,,,,,,,,,,,,,,,,,,,,,,,,,,
2025-06,,,,,,,,,,,,,,,,,,,,,,,,,,,,,,,,,,,,,,,
2025-07,,,,,,,,,,,,,,,,,,,,,,,,,,,,,,,,,,,,,,,
2025-08,,,,,,,,,,,,,,,,,,,,,,,,,,,,,,,,,,,,,,,
2025-09,,,,,,,,,,,,,,,,,,,,,,,,,,,,,,,,,,,,,,,
2025-10,,,,,,,,,,,,,,,,,,,,,,,,,,,,,,,,,,,,,,,
2025-11,,,,,,,,,,,,,,,,,,,,,,,,,,,,,,,,,,,,,,,
2025-12,,,,,,,,,,,,,,,,,,,,,,,,,,,,,,,,,,,,,,,
2026-01,,,,,,,,,,,,,,,,,,,,,,,,,,,,,,,,,,,,,,,
2026-02,,,,,,,,,,,,,,,,,,,,,,,,,,,,,,,,,,,,,,,
2026-03,,,,,,,,,,,,,,,,,,,,,,,,,,,,,,,,,,,,,,,
2026-04,,,,,,,,,,,,,,,,,,,,,,,,,,,,,,,,,,,,,,,
2026-05,,,,,,,,,,,,,,,,,,,,,,,,,,,,,,,,,,,,,,,
2026-06,,,,,,,,,,,,,,,,,,,,,,,,,,,,,,,,,,,,,,,
2026-07,,,,,,,,,,,,,,,,,,,,,,,,,,,,,,,,,,,,,,,
2026-08,,,,,,,,,,,,,,,,,,,,,,,,,,,,,,,,,,,,,,,
2026-09,,,,,,,,,,,,,,,,,,,,,,,,,,,,,,,,,,,,,,,
2026-10,,,,,,,,,,,,,,,,,,,,,,,,,,,,,,,,,,,,,,,
2026-11,,,,,,,,,,,,,,,,,,,,,,,,,,,,,,,,,,,,,,,
2026-12,,,,,,,,,,,,,,,,,,,,,,,,,,,,,,,,,,,,,,,