Date,County Code,County Name,Number of Transactions
2019-12,1,ALBA,323
2019-12,2,ARAD,1203
2019-12,3,ARGES,1377
2019-12,4,BACAU,478
2019-12,5,BIHOR,1390
2019-12,6,BISTRITA NASAUD,734
2019-12,7,BOTOSANI,825
2019-12,8,BRAILA,649
2019-12,9,BRASOV,3348
2019-12,10,BUCURESTI,9822
2019-12,11,BUZAU,612
2019-12,12,CALARASI,257
2019-12,13,CARAS SEVERIN,301
2019-12,14,CLUJ,2364
2019-12,15,CONSTANTA,2053
2019-12,16,COVASNA,266
2019-12,17,DAMBOVITA,1111
2019-12,18,DOLJ,1512
2019-12,19,GALATI,812
2019-12,20,GIURGIU,415
2019-12,21,GORJ,385
2019-12,22,HARGHITA,703
2019-12,23,HUNEDOARA,474
2019-12,24,IALOMITA,518
2019-12,25,IASI,1979
2019-12,26,ILFOV,4181
2019-12,27,MARAMURES,867
2019-12,28,MEHEDINTI,442
2019-12,29,MURES,943
2019-12,30,NEAMT,653
2019-12,31,OLT,135
2019-12,32,PRAHOVA,1070
2019-12,33,SALAJ,298
2019-12,34,SATU MARE,947
2019-12,35,SIBIU,651
2019-12,36,SUCEAVA,1209
2019-12,37,TELEORMAN,505
2019-12,38,TIMIS,2805
2019-12,39,TULCEA,435
2019-12,40,VALCEA,337
2019-12,41,VASLUI,313
2019-12,42,VRANCEA,788
2020-01,1,ALBA,246
2020-01,2,ARAD,510
2020-01,3,ARGES,663
2020-01,4,BACAU,452
2020-01,5,BIHOR,820
2020-01,6,BISTRITA NASAUD,487
2020-01,7,BOTOSANI,597
2020-01,8,BRAILA,605
2020-01,9,BRASOV,1401
2020-01,10,BUCURESTI,5229
2020-01,11,BUZAU,404
2020-01,12,CALARASI,2141
2020-01,13,CARAS SEVERIN,528
2020-01,14,CLUJ,1633
2020-01,15,CONSTANTA,1045
2020-01,16,COVASNA,278
2020-01,17,DAMBOVITA,760
2020-01,18,DOLJ,766
2020-01,19,GALATI,702
2020-01,20,GIURGIU,267
2020-01,21,GORJ,298
2020-01,22,HARGHITA,461
2020-01,23,HUNEDOARA,364
2020-01,24,IALOMITA,221
2020-01,25,IASI,1243
2020-01,26,ILFOV,4020
2020-01,27,MARAMURES,796
2020-01,28,MEHEDINTI,257
2020-01,29,MURES,708
2020-01,30,NEAMT,513
2020-01,31,OLT,54
2020-01,32,PRAHOVA,727
2020-01,33,SALAJ,148
2020-01,34,SATU MARE,804
2020-01,35,SIBIU,482
2020-01,36,SUCEAVA,1008
2020-01,37,TELEORMAN,346
2020-01,38,TIMIS,1827
2020-01,39,TULCEA,221
2020-01,40,VALCEA,337
2020-01,41,VASLUI,238
2020-01,42,VRANCEA,624
2020-02,1,ALBA,415
2020-02,2,ARAD,1151
2020-02,3,ARGES,1043
2020-02,4,BACAU,584
2020-02,5,BIHOR,1278
2020-02,6,BISTRITA NASAUD,696
2020-02,7,BOTOSANI,696
2020-02,8,BRAILA,674
2020-02,9,BRASOV,2452
2020-02,10,BUCURESTI,9107
2020-02,11,BUZAU,490
2020-02,12,CALARASI,393
2020-02,13,CARAS SEVERIN,370
2020-02,14,CLUJ,3625
2020-02,15,CONSTANTA,1485
2020-02,16,COVASNA,290
2020-02,17,DAMBOVITA,1048
2020-02,18,DOLJ,1480
2020-02,19,GALATI,907
2020-02,20,GIURGIU,484
2020-02,21,GORJ,529
2020-02,22,HARGHITA,684
2020-02,23,HUNEDOARA,598
2020-02,24,IALOMITA,471
2020-02,25,IASI,1453
2020-02,26,ILFOV,4881
2020-02,27,MARAMURES,928
2020-02,28,MEHEDINTI,414
2020-02,29,MURES,1246
2020-02,30,NEAMT,611
2020-02,31,OLT,151
2020-02,32,PRAHOVA,1150
2020-02,33,SALAJ,221
2020-02,34,SATU MARE,927
2020-02,35,SIBIU,602
2020-02,36,SUCEAVA,1074
2020-02,37,TELEORMAN,565
2020-02,38,TIMIS,2460
2020-02,39,TULCEA,550
2020-02,40,VALCEA,490
2020-02,41,VASLUI,289
2020-02,42,VRANCEA,609
2020-03,1,ALBA,472
2020-03,2,ARAD,884
2020-03,3,ARGES,1136
2020-03,4,BACAU,445
2020-03,5,BIHOR,1308
2020-03,6,BISTRITA NASAUD,414
2020-03,7,BOTOSANI,757
2020-03,8,BRAILA,523
2020-03,9,BRASOV,1937
2020-03,10,BUCURESTI,10069
2020-03,11,BUZAU,641
2020-03,12,CALARASI,601
2020-03,13,CARAS SEVERIN,299
2020-03,14,CLUJ,2975
2020-03,15,CONSTANTA,1343
2020-03,16,COVASNA,419
2020-03,17,DAMBOVITA,1135
2020-03,18,DOLJ,1457
2020-03,19,GALATI,994
2020-03,20,GIURGIU,501
2020-03,21,GORJ,397
2020-03,22,HARGHITA,672
2020-03,23,HUNEDOARA,537
2020-03,24,IALOMITA,613
2020-03,25,IASI,1513
2020-03,26,ILFOV,3617
2020-03,27,MARAMURES,767
2020-03,28,MEHEDINTI,458
2020-03,29,MURES,1394
2020-03,30,NEAMT,702
2020-03,31,OLT,251
2020-03,32,PRAHOVA,1093
2020-03,33,SALAJ,378
2020-03,34,SATU MARE,965
2020-03,35,SIBIU,914
2020-03,36,SUCEAVA,1149
2020-03,37,TELEORMAN,363
2020-03,38,TIMIS,2274
2020-03,39,TULCEA,586
2020-03,40,VALCEA,348
2020-03,41,VASLUI,264
2020-03,42,VRANCEA,814
2020-04,1,ALBA,244
2020-04,2,ARAD,394
2020-04,3,ARGES,400
2020-04,4,BACAU,193
2020-04,5,BIHOR,689
2020-04,6,BISTRITA NASAUD,120
2020-04,7,BOTOSANI,238
2020-04,8,BRAILA,455
2020-04,9,BRASOV,575
2020-04,10,BUCURESTI,6925
2020-04,11,BUZAU,288
2020-04,12,CALARASI,251
2020-04,13,CARAS SEVERIN,193
2020-04,14,CLUJ,2013
2020-04,15,CONSTANTA,1359
2020-04,16,COVASNA,91
2020-04,17,DAMBOVITA,278
2020-04,18,DOLJ,868
2020-04,19,GALATI,507
2020-04,20,GIURGIU,250
2020-04,21,GORJ,202
2020-04,22,HARGHITA,175
2020-04,23,HUNEDOARA,211
2020-04,24,IALOMITA,332
2020-04,25,IASI,1023
2020-04,26,ILFOV,3634
2020-04,27,MARAMURES,328
2020-04,28,MEHEDINTI,150
2020-04,29,MURES,487
2020-04,30,NEAMT,208
2020-04,31,OLT,107
2020-04,32,PRAHOVA,478
2020-04,33,SALAJ,102
2020-04,34,SATU MARE,175
2020-04,35,SIBIU,623
2020-04,36,SUCEAVA,315
2020-04,37,TELEORMAN,247
2020-04,38,TIMIS,1034
2020-04,39,TULCEA,384
2020-04,40,VALCEA,156
2020-04,41,VASLUI,94
2020-04,42,VRANCEA,225
2020-05,1,ALBA,577
2020-05,2,ARAD,530
2020-05,3,ARGES,638
2020-05,4,BACAU,312
2020-05,5,BIHOR,614
2020-05,6,BISTRITA NASAUD,359
2020-05,7,BOTOSANI,477
2020-05,8,BRAILA,557
2020-05,9,BRASOV,1543
2020-05,10,BUCURESTI,5266
2020-05,11,BUZAU,439
2020-05,12,CALARASI,413
2020-05,13,CARAS SEVERIN,293
2020-05,14,CLUJ,2022
2020-05,15,CONSTANTA,1952
2020-05,16,COVASNA,144
2020-05,17,DAMBOVITA,440
2020-05,18,DOLJ,1018
2020-05,19,GALATI,488
2020-05,20,GIURGIU,404
2020-05,21,GORJ,310
2020-05,22,HARGHITA,369
2020-05,23,HUNEDOARA,234
2020-05,24,IALOMITA,295
2020-05,25,IASI,764
2020-05,26,ILFOV,3838
2020-05,27,MARAMURES,459
2020-05,28,MEHEDINTI,267
2020-05,29,MURES,866
2020-05,30,NEAMT,341
2020-05,31,OLT,381
2020-05,32,PRAHOVA,763
2020-05,33,SALAJ,133
2020-05,34,SATU MARE,597
2020-05,35,SIBIU,587
2020-05,36,SUCEAVA,517
2020-05,37,TELEORMAN,300
2020-05,38,TIMIS,1350
2020-05,39,TULCEA,377
2020-05,40,VALCEA,249
2020-05,41,VASLUI,239
2020-05,42,VRANCEA,367
2020-06,1,ALBA,498
2020-06,2,ARAD,608
2020-06,3,ARGES,676
2020-06,4,BACAU,420
2020-06,5,BIHOR,1266
2020-06,6,BISTRITA NASAUD,327
2020-06,7,BOTOSANI,611
2020-06,8,BRAILA,461
2020-06,9,BRASOV,3302
2020-06,10,BUCURESTI,8254
2020-06,11,BUZAU,508
2020-06,12,CALARASI,532
2020-06,13,CARAS SEVERIN,331
2020-06,14,CLUJ,2486
2020-06,15,CONSTANTA,1659
2020-06,16,COVASNA,280
2020-06,17,DAMBOVITA,759
2020-06,18,DOLJ,1140
2020-06,19,GALATI,739
2020-06,20,GIURGIU,434
2020-06,21,GORJ,381
2020-06,22,HARGHITA,514
2020-06,23,HUNEDOARA,453
2020-06,24,IALOMITA,360
2020-06,25,IASI,1099
2020-06,26,ILFOV,7726
2020-06,27,MARAMURES,632
2020-06,28,MEHEDINTI,372
2020-06,29,MURES,1005
2020-06,30,NEAMT,594
2020-06,31,OLT,300
2020-06,32,PRAHOVA,1042
2020-06,33,SALAJ,342
2020-06,34,SATU MARE,781
2020-06,35,SIBIU,1027
2020-06,36,SUCEAVA,887
2020-06,37,TELEORMAN,368
2020-06,38,TIMIS,1922
2020-06,39,TULCEA,533
2020-06,40,VALCEA,312
2020-06,41,VASLUI,279
2020-06,42,VRANCEA,598
2020-07,1,ALBA,845
2020-07,2,ARAD,755
2020-07,3,ARGES,778
2020-07,4,BACAU,763
2020-07,5,BIHOR,1215
2020-07,6,BISTRITA NASAUD,470
2020-07,7,BOTOSANI,859
2020-07,8,BRAILA,691
2020-07,9,BRASOV,2942
2020-07,10,BUCURESTI,9017
2020-07,11,BUZAU,587
2020-07,12,CALARASI,607
2020-07,13,CARAS SEVERIN,235
2020-07,14,CLUJ,3484
2020-07,15,CONSTANTA,2279
2020-07,16,COVASNA,399
2020-07,17,DAMBOVITA,1186
2020-07,18,DOLJ,1382
2020-07,19,GALATI,969
2020-07,20,GIURGIU,388
2020-07,21,GORJ,593
2020-07,22,HARGHITA,772
2020-07,23,HUNEDOARA,712
2020-07,24,IALOMITA,450
2020-07,25,IASI,1172
2020-07,26,ILFOV,3395
2020-07,27,MARAMURES,895
2020-07,28,MEHEDINTI,312
2020-07,29,MURES,1228
2020-07,30,NEAMT,838
2020-07,31,OLT,197
2020-07,32,PRAHOVA,993
2020-07,33,SALAJ,395
2020-07,34,SATU MARE,1008
2020-07,35,SIBIU,846
2020-07,36,SUCEAVA,1592
2020-07,37,TELEORMAN,360
2020-07,38,TIMIS,2433
2020-07,39,TULCEA,670
2020-07,40,VALCEA,491
2020-07,41,VASLUI,351
2020-07,42,VRANCEA,599
2020-08,1,ALBA,501
2020-08,2,ARAD,659
2020-08,3,ARGES,609
2020-08,4,BACAU,780
2020-08,5,BIHOR,958
2020-08,6,BISTRITA NASAUD,428
2020-08,7,BOTOSANI,826
2020-08,8,BRAILA,435
2020-08,9,BRASOV,2605
2020-08,10,BUCURESTI,7799
2020-08,11,BUZAU,695
2020-08,12,CALARASI,370
2020-08,13,CARAS SEVERIN,224
2020-08,14,CLUJ,2705
2020-08,15,CONSTANTA,1444
2020-08,16,COVASNA,374
2020-08,17,DAMBOVITA,1236
2020-08,18,DOLJ,1187
2020-08,19,GALATI,995
2020-08,20,GIURGIU,363
2020-08,21,GORJ,540
2020-08,22,HARGHITA,622
2020-08,23,HUNEDOARA,635
2020-08,24,IALOMITA,485
2020-08,25,IASI,1183
2020-08,26,ILFOV,2355
2020-08,27,MARAMURES,766
2020-08,28,MEHEDINTI,450
2020-08,29,MURES,1599
2020-08,30,NEAMT,899
2020-08,31,OLT,163
2020-08,32,PRAHOVA,1096
2020-08,33,SALAJ,327
2020-08,34,SATU MARE,1079
2020-08,35,SIBIU,424
2020-08,36,SUCEAVA,1430
2020-08,37,TELEORMAN,348
2020-08,38,TIMIS,2231
2020-08,39,TULCEA,523
2020-08,40,VALCEA,432
2020-08,41,VASLUI,358
2020-08,42,VRANCEA,624
2020-09,1,ALBA,551
2020-09,2,ARAD,877
2020-09,3,ARGES,792
2020-09,4,BACAU,1578
2020-09,5,BIHOR,1161
2020-09,6,BISTRITA NASAUD,349
2020-09,7,BOTOSANI,1139
2020-09,8,BRAILA,684
2020-09,9,BRASOV,2557
2020-09,10,BUCURESTI,8886
2020-09,11,BUZAU,646
2020-09,12,CALARASI,543
2020-09,13,CARAS SEVERIN,197
2020-09,14,CLUJ,2726
2020-09,15,CONSTANTA,1806
2020-09,16,COVASNA,327
2020-09,17,DAMBOVITA,1012
2020-09,18,DOLJ,1480
2020-09,19,GALATI,1068
2020-09,20,GIURGIU,368
2020-09,21,GORJ,533
2020-09,22,HARGHITA,789
2020-09,23,HUNEDOARA,640
2020-09,24,IALOMITA,421
2020-09,25,IASI,1179
2020-09,26,ILFOV,3354
2020-09,27,MARAMURES,884
2020-09,28,MEHEDINTI,554
2020-09,29,MURES,1151
2020-09,30,NEAMT,763
2020-09,31,OLT,87
2020-09,32,PRAHOVA,1116
2020-09,33,SALAJ,385
2020-09,34,SATU MARE,1078
2020-09,35,SIBIU,646
2020-09,36,SUCEAVA,1327
2020-09,37,TELEORMAN,452
2020-09,38,TIMIS,2486
2020-09,39,TULCEA,509
2020-09,40,VALCEA,608
2020-09,41,VASLUI,324
2020-09,42,VRANCEA,535
2020-10,1,ALBA,828
2020-10,2,ARAD,2185
2020-10,3,ARGES,1784
2020-10,4,BACAU,1877
2020-10,5,BIHOR,2065
2020-10,6,BISTRITA NASAUD,640
2020-10,7,BOTOSANI,1645
2020-10,8,BRAILA,935
2020-10,9,BRASOV,3907
2020-10,10,BUCURESTI,13623
2020-10,11,BUZAU,2010
2020-10,12,CALARASI,590
2020-10,13,CARAS SEVERIN,430
2020-10,14,CLUJ,4392
2020-10,15,CONSTANTA,3155
2020-10,16,COVASNA,391
2020-10,17,DAMBOVITA,1711
2020-10,18,DOLJ,2341
2020-10,19,GALATI,1478
2020-10,20,GIURGIU,836
2020-10,21,GORJ,692
2020-10,22,HARGHITA,975
2020-10,23,HUNEDOARA,1035
2020-10,24,IALOMITA,988
2020-10,25,IASI,4138
2020-10,26,ILFOV,6281
2020-10,27,MARAMURES,994
2020-10,28,MEHEDINTI,930
2020-10,29,MURES,1319
2020-10,30,NEAMT,1312
2020-10,31,OLT,292
2020-10,32,PRAHOVA,2064
2020-10,33,SALAJ,537
2020-10,34,SATU MARE,1198
2020-10,35,SIBIU,1141
2020-10,36,SUCEAVA,2241
2020-10,37,TELEORMAN,867
2020-10,38,TIMIS,4805
2020-10,39,TULCEA,798
2020-10,40,VALCEA,1004
2020-10,41,VASLUI,2026
2020-10,42,VRANCEA,1215
2020-11,1,ALBA,753
2020-11,2,ARAD,937
2020-11,3,ARGES,1057
2020-11,4,BACAU,1370
2020-11,5,BIHOR,2226
2020-11,6,BISTRITA NASAUD,616
2020-11,7,BOTOSANI,658
2020-11,8,BRAILA,538
2020-11,9,BRASOV,3279
2020-11,10,BUCURESTI,12132
2020-11,11,BUZAU,1015
2020-11,12,CALARASI,278
2020-11,13,CARAS SEVERIN,227
2020-11,14,CLUJ,3456
2020-11,15,CONSTANTA,2185
2020-11,16,COVASNA,297
2020-11,17,DAMBOVITA,828
2020-11,18,DOLJ,1417
2020-11,19,GALATI,1156
2020-11,20,GIURGIU,517
2020-11,21,GORJ,549
2020-11,22,HARGHITA,649
2020-11,23,HUNEDOARA,845
2020-11,24,IALOMITA,429
2020-11,25,IASI,3232
2020-11,26,ILFOV,5498
2020-11,27,MARAMURES,606
2020-11,28,MEHEDINTI,579
2020-11,29,MURES,1069
2020-11,30,NEAMT,850
2020-11,31,OLT,233
2020-11,32,PRAHOVA,1408
2020-11,33,SALAJ,337
2020-11,34,SATU MARE,984
2020-11,35,SIBIU,825
2020-11,36,SUCEAVA,1392
2020-11,37,TELEORMAN,429
2020-11,38,TIMIS,3107
2020-11,39,TULCEA,402
2020-11,40,VALCEA,605
2020-11,41,VASLUI,590
2020-11,42,VRANCEA,623
2020-12,1,ALBA,631
2020-12,2,ARAD,1785
2020-12,3,ARGES,1197
2020-12,4,BACAU,1509
2020-12,5,BIHOR,2286
2020-12,6,BISTRITA NASAUD,655
2020-12,7,BOTOSANI,1140
2020-12,8,BRAILA,1043
2020-12,9,BRASOV,4793
2020-12,10,BUCURESTI,12967
2020-12,11,BUZAU,1546
2020-12,12,CALARASI,489
2020-12,13,CARAS SEVERIN,188
2020-12,14,CLUJ,5247
2020-12,15,CONSTANTA,2948
2020-12,16,COVASNA,377
2020-12,17,DAMBOVITA,1592
2020-12,18,DOLJ,2227
2020-12,19,GALATI,1215
2020-12,20,GIURGIU,915
2020-12,21,GORJ,740
2020-12,22,HARGHITA,812
2020-12,23,HUNEDOARA,775
2020-12,24,IALOMITA,761
2020-12,25,IASI,4141
2020-12,26,ILFOV,5734
2020-12,27,MARAMURES,945
2020-12,28,MEHEDINTI,783
2020-12,29,MURES,1370
2020-12,30,NEAMT,1255
2020-12,31,OLT,236
2020-12,32,PRAHOVA,2216
2020-12,33,SALAJ,430
2020-12,34,SATU MARE,1295
2020-12,35,SIBIU,1141
2020-12,36,SUCEAVA,2093
2020-12,37,TELEORMAN,689
2020-12,38,TIMIS,3955
2020-12,39,TULCEA,685
2020-12,40,VALCEA,735
2020-12,41,VASLUI,966
2020-12,42,VRANCEA,848
2021-01,1,ALBA,379
2021-01,2,ARAD,714
2021-01,3,ARGES,823
2021-01,4,BACAU,953
2021-01,5,BIHOR,1550
2021-01,6,BISTRITA NASAUD,445
2021-01,7,BOTOSANI,709
2021-01,8,BRAILA,458
2021-01,9,BRASOV,2884
2021-01,10,BUCURESTI,7635
2021-01,11,BUZAU,981
2021-01,12,CALARASI,308
2021-01,13,CARAS SEVERIN,186
2021-01,14,CLUJ,2889
2021-01,15,CONSTANTA,2147
2021-01,16,COVASNA,199
2021-01,17,DAMBOVITA,841
2021-01,18,DOLJ,1264
2021-01,19,GALATI,1376
2021-01,20,GIURGIU,442
2021-01,21,GORJ,537
2021-01,22,HARGHITA,520
2021-01,23,HUNEDOARA,510
2021-01,24,IALOMITA,546
2021-01,25,IASI,2274
2021-01,26,ILFOV,4876
2021-01,27,MARAMURES,609
2021-01,28,MEHEDINTI,493
2021-01,29,MURES,701
2021-01,30,NEAMT,734
2021-01,31,OLT,303
2021-01,32,PRAHOVA,1244
2021-01,33,SALAJ,325
2021-01,34,SATU MARE,666
2021-01,35,SIBIU,723
2021-01,36,SUCEAVA,1546
2021-01,37,TELEORMAN,531
2021-01,38,TIMIS,2108
2021-01,39,TULCEA,498
2021-01,40,VALCEA,603
2021-01,41,VASLUI,579
2021-01,42,VRANCEA,627
2021-02,1,ALBA,626
2021-02,2,ARAD,1545
2021-02,3,ARGES,1193
2021-02,4,BACAU,718
2021-02,5,BIHOR,1517
2021-02,6,BISTRITA NASAUD,369
2021-02,7,BOTOSANI,490
2021-02,8,BRAILA,396
2021-02,9,BRASOV,2781
2021-02,10,BUCURESTI,8592
2021-02,11,BUZAU,856
2021-02,12,CALARASI,434
2021-02,13,CARAS SEVERIN,245
2021-02,14,CLUJ,2696
2021-02,15,CONSTANTA,2336
2021-02,16,COVASNA,159
2021-02,17,DAMBOVITA,1041
2021-02,18,DOLJ,1411
2021-02,19,GALATI,820
2021-02,20,GIURGIU,428
2021-02,21,GORJ,457
2021-02,22,HARGHITA,588
2021-02,23,HUNEDOARA,755
2021-02,24,IALOMITA,666
2021-02,25,IASI,2318
2021-02,26,ILFOV,3986
2021-02,27,MARAMURES,605
2021-02,28,MEHEDINTI,432
2021-02,29,MURES,796
2021-02,30,NEAMT,794
2021-02,31,OLT,536
2021-02,32,PRAHOVA,1451
2021-02,33,SALAJ,344
2021-02,34,SATU MARE,849
2021-02,35,SIBIU,767
2021-02,36,SUCEAVA,1233
2021-02,37,TELEORMAN,346
2021-02,38,TIMIS,2601
2021-02,39,TULCEA,432
2021-02,40,VALCEA,548
2021-02,41,VASLUI,470
2021-02,42,VRANCEA,520
2021-03,1,ALBA,576
2021-03,2,ARAD,1621
2021-03,3,ARGES,1178
2021-03,4,BACAU,1075
2021-03,5,BIHOR,2105
2021-03,6,BISTRITA NASAUD,622
2021-03,7,BOTOSANI,913
2021-03,8,BRAILA,631
2021-03,9,BRASOV,3532
2021-03,10,BUCURESTI,10958
2021-03,11,BUZAU,1111
2021-03,12,CALARASI,419
2021-03,13,CARAS SEVERIN,322
2021-03,14,CLUJ,3917
2021-03,15,CONSTANTA,2977
2021-03,16,COVASNA,193
2021-03,17,DAMBOVITA,1458
2021-03,18,DOLJ,1250
2021-03,19,GALATI,1154
2021-03,20,GIURGIU,535
2021-03,21,GORJ,547
2021-03,22,HARGHITA,875
2021-03,23,HUNEDOARA,826
2021-03,24,IALOMITA,551
2021-03,25,IASI,3006
2021-03,26,ILFOV,4306
2021-03,27,MARAMURES,881
2021-03,28,MEHEDINTI,547
2021-03,29,MURES,1370
2021-03,30,NEAMT,894
2021-03,31,OLT,733
2021-03,32,PRAHOVA,1767
2021-03,33,SALAJ,435
2021-03,34,SATU MARE,943
2021-03,35,SIBIU,877
2021-03,36,SUCEAVA,1591
2021-03,37,TELEORMAN,459
2021-03,38,TIMIS,3245
2021-03,39,TULCEA,564
2021-03,40,VALCEA,603
2021-03,41,VASLUI,652
2021-03,42,VRANCEA,672
2021-04,1,ALBA,435
2021-04,2,ARAD,1541
2021-04,3,ARGES,1077
2021-04,4,BACAU,1027
2021-04,5,BIHOR,2138
2021-04,6,BISTRITA NASAUD,489
2021-04,7,BOTOSANI,895
2021-04,8,BRAILA,436
2021-04,9,BRASOV,2748
2021-04,10,BUCURESTI,9365
2021-04,11,BUZAU,1092
2021-04,12,CALARASI,290
2021-04,13,CARAS SEVERIN,722
2021-04,14,CLUJ,3103
2021-04,15,CONSTANTA,2576
2021-04,16,COVASNA,175
2021-04,17,DAMBOVITA,1279
2021-04,18,DOLJ,886
2021-04,19,GALATI,1011
2021-04,20,GIURGIU,519
2021-04,21,GORJ,569
2021-04,22,HARGHITA,752
2021-04,23,HUNEDOARA,942
2021-04,24,IALOMITA,510
2021-04,25,IASI,2820
2021-04,26,ILFOV,3243
2021-04,27,MARAMURES,861
2021-04,28,MEHEDINTI,539
2021-04,29,MURES,948
2021-04,30,NEAMT,829
2021-04,31,OLT,612
2021-04,32,PRAHOVA,1454
2021-04,33,SALAJ,456
2021-04,34,SATU MARE,811
2021-04,35,SIBIU,988
2021-04,36,SUCEAVA,1524
2021-04,37,TELEORMAN,355
2021-04,38,TIMIS,3144
2021-04,39,TULCEA,444
2021-04,40,VALCEA,605
2021-04,41,VASLUI,648
2021-04,42,VRANCEA,711
2021-05,1,ALBA,394
2021-05,2,ARAD,838
2021-05,3,ARGES,824
2021-05,4,BACAU,958
2021-05,5,BIHOR,1749
2021-05,6,BISTRITA NASAUD,463
2021-05,7,BOTOSANI,702
2021-05,8,BRAILA,576
2021-05,9,BRASOV,2622
2021-05,10,BUCURESTI,9158
2021-05,11,BUZAU,838
2021-05,12,CALARASI,112
2021-05,13,CARAS SEVERIN,299
2021-05,14,CLUJ,2604
2021-05,15,CONSTANTA,1979
2021-05,16,COVASNA,179
2021-05,17,DAMBOVITA,966
2021-05,18,DOLJ,708
2021-05,19,GALATI,841
2021-05,20,GIURGIU,437
2021-05,21,GORJ,505
2021-05,22,HARGHITA,793
2021-05,23,HUNEDOARA,630
2021-05,24,IALOMITA,418
2021-05,25,IASI,2842
2021-05,26,ILFOV,2582
2021-05,27,MARAMURES,777
2021-05,28,MEHEDINTI,486
2021-05,29,MURES,941
2021-05,30,NEAMT,814
2021-05,31,OLT,463
2021-05,32,PRAHOVA,1267
2021-05,33,SALAJ,294
2021-05,34,SATU MARE,684
2021-05,35,SIBIU,767
2021-05,36,SUCEAVA,1274
2021-05,37,TELEORMAN,271
2021-05,38,TIMIS,2761
2021-05,39,TULCEA,344
2021-05,40,VALCEA,481
2021-05,41,VASLUI,676
2021-05,42,VRANCEA,456
2021-06,1,ALBA,448
2021-06,2,ARAD,1368
2021-06,3,ARGES,1044
2021-06,4,BACAU,1032
2021-06,5,BIHOR,2083
2021-06,6,BISTRITA NASAUD,488
2021-06,7,BOTOSANI,855
2021-06,8,BRAILA,643
2021-06,9,BRASOV,3230
2021-06,10,BUCURESTI,9181
2021-06,11,BUZAU,1091
2021-06,12,CALARASI,203
2021-06,13,CARAS SEVERIN,301
2021-06,14,CLUJ,2613
2021-06,15,CONSTANTA,2413
2021-06,16,COVASNA,166
2021-06,17,DAMBOVITA,1151
2021-06,18,DOLJ,716
2021-06,19,GALATI,1020
2021-06,20,GIURGIU,467
2021-06,21,GORJ,504
2021-06,22,HARGHITA,772
2021-06,23,HUNEDOARA,806
2021-06,24,IALOMITA,675
2021-06,25,IASI,2861
2021-06,26,ILFOV,3002
2021-06,27,MARAMURES,747
2021-06,28,MEHEDINTI,527
2021-06,29,MURES,922
2021-06,30,NEAMT,1042
2021-06,31,OLT,571
2021-06,32,PRAHOVA,1487
2021-06,33,SALAJ,811
2021-06,34,SATU MARE,1104
2021-06,35,SIBIU,1039
2021-06,36,SUCEAVA,1496
2021-06,37,TELEORMAN,327
2021-06,38,TIMIS,2931
2021-06,39,TULCEA,481
2021-06,40,VALCEA,667
2021-06,41,VASLUI,700
2021-06,42,VRANCEA,796
2021-07,1,ALBA,473
2021-07,2,ARAD,1685
2021-07,3,ARGES,999
2021-07,4,BACAU,1403
2021-07,5,BIHOR,1797
2021-07,6,BISTRITA NASAUD,600
2021-07,7,BOTOSANI,942
2021-07,8,BRAILA,635
2021-07,9,BRASOV,2993
2021-07,10,BUCURESTI,10592
2021-07,11,BUZAU,1149
2021-07,12,CALARASI,237
2021-07,13,CARAS SEVERIN,188
2021-07,14,CLUJ,3221
2021-07,15,CONSTANTA,2855
2021-07,16,COVASNA,300
2021-07,17,DAMBOVITA,1333
2021-07,18,DOLJ,968
2021-07,19,GALATI,1176
2021-07,20,GIURGIU,594
2021-07,21,GORJ,538
2021-07,22,HARGHITA,922
2021-07,23,HUNEDOARA,861
2021-07,24,IALOMITA,655
2021-07,25,IASI,2993
2021-07,26,ILFOV,2467
2021-07,27,MARAMURES,603
2021-07,28,MEHEDINTI,536
2021-07,29,MURES,1097
2021-07,30,NEAMT,968
2021-07,31,OLT,707
2021-07,32,PRAHOVA,1643
2021-07,33,SALAJ,466
2021-07,34,SATU MARE,992
2021-07,35,SIBIU,1097
2021-07,36,SUCEAVA,1730
2021-07,37,TELEORMAN,356
2021-07,38,TIMIS,3312
2021-07,39,TULCEA,780
2021-07,40,VALCEA,745
2021-07,41,VASLUI,770
2021-07,42,VRANCEA,948
2021-08,1,ALBA,394
2021-08,2,ARAD,1257
2021-08,3,ARGES,957
2021-08,4,BACAU,1676
2021-08,5,BIHOR,1864
2021-08,6,BISTRITA NASAUD,649
2021-08,7,BOTOSANI,1057
2021-08,8,BRAILA,659
2021-08,9,BRASOV,3772
2021-08,10,BUCURESTI,10412
2021-08,11,BUZAU,1161
2021-08,12,CALARASI,164
2021-08,13,CARAS SEVERIN,246
2021-08,14,CLUJ,3228
2021-08,15,CONSTANTA,2946
2021-08,16,COVASNA,212
2021-08,17,DAMBOVITA,1499
2021-08,18,DOLJ,906
2021-08,19,GALATI,1252
2021-08,20,GIURGIU,693
2021-08,21,GORJ,588
2021-08,22,HARGHITA,717
2021-08,23,HUNEDOARA,997
2021-08,24,IALOMITA,541
2021-08,25,IASI,2931
2021-08,26,ILFOV,3018
2021-08,27,MARAMURES,744
2021-08,28,MEHEDINTI,680
2021-08,29,MURES,1032
2021-08,30,NEAMT,1433
2021-08,31,OLT,331
2021-08,32,PRAHOVA,1644
2021-08,33,SALAJ,613
2021-08,34,SATU MARE,1157
2021-08,35,SIBIU,1300
2021-08,36,SUCEAVA,2162
2021-08,37,TELEORMAN,503
2021-08,38,TIMIS,3500
2021-08,39,TULCEA,470
2021-08,40,VALCEA,804
2021-08,41,VASLUI,871
2021-08,42,VRANCEA,1097
2021-09,1,ALBA,417
2021-09,2,ARAD,1247
2021-09,3,ARGES,978
2021-09,4,BACAU,1433
2021-09,5,BIHOR,2224
2021-09,6,BISTRITA NASAUD,723
2021-09,7,BOTOSANI,1048
2021-09,8,BRAILA,679
2021-09,9,BRASOV,3988
2021-09,10,BUCURESTI,11282
2021-09,11,BUZAU,1240
2021-09,12,CALARASI,261
2021-09,13,CARAS SEVERIN,341
2021-09,14,CLUJ,3289
2021-09,15,CONSTANTA,2588
2021-09,16,COVASNA,336
2021-09,17,DAMBOVITA,1414
2021-09,18,DOLJ,1176
2021-09,19,GALATI,1305
2021-09,20,GIURGIU,670
2021-09,21,GORJ,639
2021-09,22,HARGHITA,813
2021-09,23,HUNEDOARA,957
2021-09,24,IALOMITA,735
2021-09,25,IASI,3180
2021-09,26,ILFOV,3181
2021-09,27,MARAMURES,858
2021-09,28,MEHEDINTI,579
2021-09,29,MURES,1114
2021-09,30,NEAMT,1182
2021-09,31,OLT,825
2021-09,32,PRAHOVA,1216
2021-09,33,SALAJ,548
2021-09,34,SATU MARE,1241
2021-09,35,SIBIU,1279
2021-09,36,SUCEAVA,1948
2021-09,37,TELEORMAN,572
2021-09,38,TIMIS,3776
2021-09,39,TULCEA,555
2021-09,40,VALCEA,651
2021-09,41,VASLUI,791
2021-09,42,VRANCEA,1271
2021-10,1,ALBA,528
2021-10,2,ARAD,1098
2021-10,3,ARGES,725
2021-10,4,BACAU,1488
2021-10,5,BIHOR,2213
2021-10,6,BISTRITA NASAUD,499
2021-10,7,BOTOSANI,967
2021-10,8,BRAILA,729
2021-10,9,BRASOV,3215
2021-10,10,BUCURESTI,11158
2021-10,11,BUZAU,1177
2021-10,12,CALARASI,201
2021-10,13,CARAS SEVERIN,489
2021-10,14,CLUJ,2994
2021-10,15,CONSTANTA,2544
2021-10,16,COVASNA,238
2021-10,17,DAMBOVITA,1253
2021-10,18,DOLJ,1392
2021-10,19,GALATI,1498
2021-10,20,GIURGIU,556
2021-10,21,GORJ,639
2021-10,22,HARGHITA,710
2021-10,23,HUNEDOARA,944
2021-10,24,IALOMITA,601
2021-10,25,IASI,2942
2021-10,26,ILFOV,4226
2021-10,27,MARAMURES,688
2021-10,28,MEHEDINTI,552
2021-10,29,MURES,1170
2021-10,30,NEAMT,986
2021-10,31,OLT,735
2021-10,32,PRAHOVA,1539
2021-10,33,SALAJ,514
2021-10,34,SATU MARE,1068
2021-10,35,SIBIU,1045
2021-10,36,SUCEAVA,1498
2021-10,37,TELEORMAN,456
2021-10,38,TIMIS,3030
2021-10,39,TULCEA,408
2021-10,40,VALCEA,482
2021-10,41,VASLUI,806
2021-10,42,VRANCEA,852
2021-11,1,ALBA,545
2021-11,2,ARAD,1144
2021-11,3,ARGES,734
2021-11,4,BACAU,1100
2021-11,5,BIHOR,1928
2021-11,6,BISTRITA NASAUD,573
2021-11,7,BOTOSANI,937
2021-11,8,BRAILA,448
2021-11,9,BRASOV,3041
2021-11,10,BUCURESTI,9918
2021-11,11,BUZAU,1219
2021-11,12,CALARASI,221
2021-11,13,CARAS SEVERIN,261
2021-11,14,CLUJ,3057
2021-11,15,CONSTANTA,2321
2021-11,16,COVASNA,341
2021-11,17,DAMBOVITA,1252
2021-11,18,DOLJ,1405
2021-11,19,GALATI,1209
2021-11,20,GIURGIU,572
2021-11,21,GORJ,575
2021-11,22,HARGHITA,915
2021-11,23,HUNEDOARA,765
2021-11,24,IALOMITA,564
2021-11,25,IASI,2423
2021-11,26,ILFOV,4765
2021-11,27,MARAMURES,567
2021-11,28,MEHEDINTI,472
2021-11,29,MURES,997
2021-11,30,NEAMT,995
2021-11,31,OLT,444
2021-11,32,PRAHOVA,1529
2021-11,33,SALAJ,400
2021-11,34,SATU MARE,964
2021-11,35,SIBIU,1043
2021-11,36,SUCEAVA,1420
2021-11,37,TELEORMAN,543
2021-11,38,TIMIS,3310
2021-11,39,TULCEA,542
2021-11,40,VALCEA,580
2021-11,41,VASLUI,613
2021-11,42,VRANCEA,912
2021-12,1,ALBA,668
2021-12,2,ARAD,1557
2021-12,3,ARGES,1074
2021-12,4,BACAU,1587
2021-12,5,BIHOR,2223
2021-12,6,BISTRITA NASAUD,833
2021-12,7,BOTOSANI,1301
2021-12,8,BRAILA,1179
2021-12,9,BRASOV,3648
2021-12,10,BUCURESTI,14438
2021-12,11,BUZAU,1425
2021-12,12,CALARASI,303
2021-12,13,CARAS SEVERIN,485
2021-12,14,CLUJ,3658
2021-12,15,CONSTANTA,3950
2021-12,16,COVASNA,449
2021-12,17,DAMBOVITA,1961
2021-12,18,DOLJ,1629
2021-12,19,GALATI,1198
2021-12,20,GIURGIU,578
2021-12,21,GORJ,690
2021-12,22,HARGHITA,1002
2021-12,23,HUNEDOARA,933
2021-12,24,IALOMITA,559
2021-12,25,IASI,3030
2021-12,26,ILFOV,4902
2021-12,27,MARAMURES,651
2021-12,28,MEHEDINTI,593
2021-12,29,MURES,1403
2021-12,30,NEAMT,1247
2021-12,31,OLT,651
2021-12,32,PRAHOVA,1696
2021-12,33,SALAJ,569
2021-12,34,SATU MARE,1405
2021-12,35,SIBIU,1110
2021-12,36,SUCEAVA,2090
2021-12,37,TELEORMAN,560
2021-12,38,TIMIS,3647
2021-12,39,TULCEA,845
2021-12,40,VALCEA,899
2021-12,41,VASLUI,805
2021-12,42,VRANCEA,998
2022-01,1,ALBA,203
2022-01,2,ARAD,647
2022-01,3,ARGES,749
2022-01,4,BACAU,838
2022-01,5,BIHOR,1286
2022-01,6,BISTRITA NASAUD,374
2022-01,7,BOTOSANI,793
2022-01,8,BRAILA,492
2022-01,9,BRASOV,2211
2022-01,10,BUCURESTI,7195
2022-01,11,BUZAU,899
2022-01,12,CALARASI,208
2022-01,13,CARAS SEVERIN,247
2022-01,14,CLUJ,1935
2022-01,15,CONSTANTA,2167
2022-01,16,COVASNA,239
2022-01,17,DAMBOVITA,656
2022-01,18,DOLJ,947
2022-01,19,GALATI,905
2022-01,20,GIURGIU,343
2022-01,21,GORJ,469
2022-01,22,HARGHITA,498
2022-01,23,HUNEDOARA,532
2022-01,24,IALOMITA,353
2022-01,25,IASI,1766
2022-01,26,ILFOV,2241
2022-01,27,MARAMURES,369
2022-01,28,MEHEDINTI,459
2022-01,29,MURES,379
2022-01,30,NEAMT,720
2022-01,31,OLT,365
2022-01,32,PRAHOVA,1024
2022-01,33,SALAJ,224
2022-01,34,SATU MARE,688
2022-01,35,SIBIU,575
2022-01,36,SUCEAVA,1291
2022-01,37,TELEORMAN,224
2022-01,38,TIMIS,1791
2022-01,39,TULCEA,333
2022-01,40,VALCEA,494
2022-01,41,VASLUI,652
2022-01,42,VRANCEA,729
2022-02,1,ALBA,475
2022-02,2,ARAD,1378
2022-02,3,ARGES,771
2022-02,4,BACAU,965
2022-02,5,BIHOR,1850
2022-02,6,BISTRITA NASAUD,577
2022-02,7,BOTOSANI,950
2022-02,8,BRAILA,587
2022-02,9,BRASOV,2721
2022-02,10,BUCURESTI,10918
2022-02,11,BUZAU,1393
2022-02,12,CALARASI,438
2022-02,13,CARAS SEVERIN,600
2022-02,14,CLUJ,3041
2022-02,15,CONSTANTA,2754
2022-02,16,COVASNA,318
2022-02,17,DAMBOVITA,985
2022-02,18,DOLJ,1362
2022-02,19,GALATI,1313
2022-02,20,GIURGIU,651
2022-02,21,GORJ,535
2022-02,22,HARGHITA,600
2022-02,23,HUNEDOARA,779
2022-02,24,IALOMITA,654
2022-02,25,IASI,2005
2022-02,26,ILFOV,4568
2022-02,27,MARAMURES,534
2022-02,28,MEHEDINTI,605
2022-02,29,MURES,1004
2022-02,30,NEAMT,986
2022-02,31,OLT,660
2022-02,32,PRAHOVA,1479
2022-02,33,SALAJ,380
2022-02,34,SATU MARE,950
2022-02,35,SIBIU,1044
2022-02,36,SUCEAVA,1312
2022-02,37,TELEORMAN,475
2022-02,38,TIMIS,3459
2022-02,39,TULCEA,528
2022-02,40,VALCEA,627
2022-02,41,VASLUI,692
2022-02,42,VRANCEA,740
2022-03,1,ALBA,508
2022-03,2,ARAD,1671
2022-03,3,ARGES,1085
2022-03,4,BACAU,1320
2022-03,5,BIHOR,2647
2022-03,6,BISTRITA NASAUD,611
2022-03,7,BOTOSANI,1073
2022-03,8,BRAILA,880
2022-03,9,BRASOV,3445
2022-03,10,BUCURESTI,14423
2022-03,11,BUZAU,1438
2022-03,12,CALARASI,456
2022-03,13,CARAS SEVERIN,488
2022-03,14,CLUJ,4035
2022-03,15,CONSTANTA,2733
2022-03,16,COVASNA,459
2022-03,17,DAMBOVITA,1191
2022-03,18,DOLJ,1941
2022-03,19,GALATI,1489
2022-03,20,GIURGIU,702
2022-03,21,GORJ,626
2022-03,22,HARGHITA,817
2022-03,23,HUNEDOARA,965
2022-03,24,IALOMITA,735
2022-03,25,IASI,2837
2022-03,26,ILFOV,4626
2022-03,27,MARAMURES,801
2022-03,28,MEHEDINTI,634
2022-03,29,MURES,1097
2022-03,30,NEAMT,1169
2022-03,31,OLT,859
2022-03,32,PRAHOVA,1772
2022-03,33,SALAJ,485
2022-03,34,SATU MARE,1267
2022-03,35,SIBIU,1432
2022-03,36,SUCEAVA,1634
2022-03,37,TELEORMAN,558
2022-03,38,TIMIS,3830
2022-03,39,TULCEA,692
2022-03,40,VALCEA,830
2022-03,41,VASLUI,798
2022-03,42,VRANCEA,1064
2022-04,1,ALBA,299
2022-04,2,ARAD,894
2022-04,3,ARGES,781
2022-04,4,BACAU,937
2022-04,5,BIHOR,1721
2022-04,6,BISTRITA NASAUD,591
2022-04,7,BOTOSANI,978
2022-04,8,BRAILA,561
2022-04,9,BRASOV,2903
2022-04,10,BUCURESTI,12105
2022-04,11,BUZAU,1045
2022-04,12,CALARASI,289
2022-04,13,CARAS SEVERIN,385
2022-04,14,CLUJ,2473
2022-04,15,CONSTANTA,2014
2022-04,16,COVASNA,312
2022-04,17,DAMBOVITA,1383
2022-04,18,DOLJ,1383
2022-04,19,GALATI,905
2022-04,20,GIURGIU,542
2022-04,21,GORJ,492
2022-04,22,HARGHITA,662
2022-04,23,HUNEDOARA,847
2022-04,24,IALOMITA,585
2022-04,25,IASI,1942
2022-04,26,ILFOV,2832
2022-04,27,MARAMURES,528
2022-04,28,MEHEDINTI,669
2022-04,29,MURES,875
2022-04,30,NEAMT,838
2022-04,31,OLT,427
2022-04,32,PRAHOVA,1149
2022-04,33,SALAJ,418
2022-04,34,SATU MARE,1032
2022-04,35,SIBIU,864
2022-04,36,SUCEAVA,1133
2022-04,37,TELEORMAN,394
2022-04,38,TIMIS,2646
2022-04,39,TULCEA,448
2022-04,40,VALCEA,620
2022-04,41,VASLUI,598
2022-04,42,VRANCEA,725
2022-05,1,ALBA,583
2022-05,2,ARAD,1451
2022-05,3,ARGES,880
2022-05,4,BACAU,1240
2022-05,5,BIHOR,1878
2022-05,6,BISTRITA NASAUD,633
2022-05,7,BOTOSANI,1053
2022-05,8,BRAILA,655
2022-05,9,BRASOV,3486
2022-05,10,BUCURESTI,12919
2022-05,11,BUZAU,1165
2022-05,12,CALARASI,425
2022-05,13,CARAS SEVERIN,459
2022-05,14,CLUJ,3020
2022-05,15,CONSTANTA,2462
2022-05,16,COVASNA,519
2022-05,17,DAMBOVITA,1380
2022-05,18,DOLJ,1540
2022-05,19,GALATI,1405
2022-05,20,GIURGIU,825
2022-05,21,GORJ,723
2022-05,22,HARGHITA,851
2022-05,23,HUNEDOARA,941
2022-05,24,IALOMITA,662
2022-05,25,IASI,2803
2022-05,26,ILFOV,4043
2022-05,27,MARAMURES,615
2022-05,28,MEHEDINTI,857
2022-05,29,MURES,1145
2022-05,30,NEAMT,1049
2022-05,31,OLT,467
2022-05,32,PRAHOVA,1634
2022-05,33,SALAJ,360
2022-05,34,SATU MARE,991
2022-05,35,SIBIU,1020
2022-05,36,SUCEAVA,1760
2022-05,37,TELEORMAN,547
2022-05,38,TIMIS,2972
2022-05,39,TULCEA,704
2022-05,40,VALCEA,662
2022-05,41,VASLUI,811
2022-05,42,VRANCEA,1011
2022-06,1,ALBA,767
2022-06,2,ARAD,1230
2022-06,3,ARGES,646
2022-06,4,BACAU,956
2022-06,5,BIHOR,1520
2022-06,6,BISTRITA NASAUD,474
2022-06,7,BOTOSANI,772
2022-06,8,BRAILA,875
2022-06,9,BRASOV,2714
2022-06,10,BUCURESTI,10616
2022-06,11,BUZAU,1357
2022-06,12,CALARASI,292
2022-06,13,CARAS SEVERIN,367
2022-06,14,CLUJ,2090
2022-06,15,CONSTANTA,2460
2022-06,16,COVASNA,309
2022-06,17,DAMBOVITA,1013
2022-06,18,DOLJ,1710
2022-06,19,GALATI,1064
2022-06,20,GIURGIU,439
2022-06,21,GORJ,524
2022-06,22,HARGHITA,638
2022-06,23,HUNEDOARA,685
2022-06,24,IALOMITA,523
2022-06,25,IASI,2238
2022-06,26,ILFOV,3495
2022-06,27,MARAMURES,527
2022-06,28,MEHEDINTI,537
2022-06,29,MURES,779
2022-06,30,NEAMT,865
2022-06,31,OLT,439
2022-06,32,PRAHOVA,1241
2022-06,33,SALAJ,404
2022-06,34,SATU MARE,924
2022-06,35,SIBIU,1043
2022-06,36,SUCEAVA,1301
2022-06,37,TELEORMAN,313
2022-06,38,TIMIS,2472
2022-06,39,TULCEA,471
2022-06,40,VALCEA,490
2022-06,41,VASLUI,625
2022-06,42,VRANCEA,741
2022-07,1,ALBA,540
2022-07,2,ARAD,1360
2022-07,3,ARGES,657
2022-07,4,BACAU,1229
2022-07,5,BIHOR,1558
2022-07,6,BISTRITA NASAUD,545
2022-07,7,BOTOSANI,1074
2022-07,8,BRAILA,778
2022-07,9,BRASOV,2823
2022-07,10,BUCURESTI,11370
2022-07,11,BUZAU,1428
2022-07,12,CALARASI,288
2022-07,13,CARAS SEVERIN,343
2022-07,14,CLUJ,2923
2022-07,15,CONSTANTA,2421
2022-07,16,COVASNA,295
2022-07,17,DAMBOVITA,1136
2022-07,18,DOLJ,1364
2022-07,19,GALATI,1179
2022-07,20,GIURGIU,703
2022-07,21,GORJ,641
2022-07,22,HARGHITA,784
2022-07,23,HUNEDOARA,841
2022-07,24,IALOMITA,685
2022-07,25,IASI,2273
2022-07,26,ILFOV,3417
2022-07,27,MARAMURES,617
2022-07,28,MEHEDINTI,581
2022-07,29,MURES,1208
2022-07,30,NEAMT,978
2022-07,31,OLT,283
2022-07,32,PRAHOVA,1355
2022-07,33,SALAJ,414
2022-07,34,SATU MARE,851
2022-07,35,SIBIU,1029
2022-07,36,SUCEAVA,1470
2022-07,37,TELEORMAN,446
2022-07,38,TIMIS,2548
2022-07,39,TULCEA,551
2022-07,40,VALCEA,538
2022-07,41,VASLUI,767
2022-07,42,VRANCEA,1019
2022-08,1,ALBA,516
2022-08,2,ARAD,1300
2022-08,3,ARGES,888
2022-08,4,BACAU,1420
2022-08,5,BIHOR,1528
2022-08,6,BISTRITA NASAUD,762
2022-08,7,BOTOSANI,1072
2022-08,8,BRAILA,1057
2022-08,9,BRASOV,2947
2022-08,10,BUCURESTI,10402
2022-08,11,BUZAU,1541
2022-08,12,CALARASI,397
2022-08,13,CARAS SEVERIN,428
2022-08,14,CLUJ,2606
2022-08,15,CONSTANTA,2427
2022-08,16,COVASNA,325
2022-08,17,DAMBOVITA,1154
2022-08,18,DOLJ,1395
2022-08,19,GALATI,1346
2022-08,20,GIURGIU,530
2022-08,21,GORJ,598
2022-08,22,HARGHITA,787
2022-08,23,HUNEDOARA,738
2022-08,24,IALOMITA,580
2022-08,25,IASI,2030
2022-08,26,ILFOV,3184
2022-08,27,MARAMURES,582
2022-08,28,MEHEDINTI,625
2022-08,29,MURES,1187
2022-08,30,NEAMT,1313
2022-08,31,OLT,365
2022-08,32,PRAHOVA,1225
2022-08,33,SALAJ,452
2022-08,34,SATU MARE,1185
2022-08,35,SIBIU,1179
2022-08,36,SUCEAVA,1922
2022-08,37,TELEORMAN,450
2022-08,38,TIMIS,2754
2022-08,39,TULCEA,637
2022-08,40,VALCEA,647
2022-08,41,VASLUI,874
2022-08,42,VRANCEA,1031
2022-09,1,ALBA,321
2022-09,2,ARAD,1305
2022-09,3,ARGES,891
2022-09,4,BACAU,1220
2022-09,5,BIHOR,1802
2022-09,6,BISTRITA NASAUD,693
2022-09,7,BOTOSANI,1032
2022-09,8,BRAILA,1091
2022-09,9,BRASOV,2868
2022-09,10,BUCURESTI,12853
2022-09,11,BUZAU,1444
2022-09,12,CALARASI,304
2022-09,13,CARAS SEVERIN,449
2022-09,14,CLUJ,2552
2022-09,15,CONSTANTA,2486
2022-09,16,COVASNA,446
2022-09,17,DAMBOVITA,1194
2022-09,18,DOLJ,1582
2022-09,19,GALATI,1869
2022-09,20,GIURGIU,476
2022-09,21,GORJ,641
2022-09,22,HARGHITA,744
2022-09,23,HUNEDOARA,811
2022-09,24,IALOMITA,803
2022-09,25,IASI,1958
2022-09,26,ILFOV,4022
2022-09,27,MARAMURES,788
2022-09,28,MEHEDINTI,619
2022-09,29,MURES,1215
2022-09,30,NEAMT,956
2022-09,31,OLT,242
2022-09,32,PRAHOVA,1320
2022-09,33,SALAJ,392
2022-09,34,SATU MARE,1097
2022-09,35,SIBIU,1123
2022-09,36,SUCEAVA,1737
2022-09,37,TELEORMAN,461
2022-09,38,TIMIS,3195
2022-09,39,TULCEA,626
2022-09,40,VALCEA,702
2022-09,41,VASLUI,773
2022-09,42,VRANCEA,951
2022-10,1,ALBA,294
2022-10,2,ARAD,1210
2022-10,3,ARGES,888
2022-10,4,BACAU,1064
2022-10,5,BIHOR,1713
2022-10,6,BISTRITA NASAUD,608
2022-10,7,BOTOSANI,937
2022-10,8,BRAILA,833
2022-10,9,BRASOV,3126
2022-10,10,BUCURESTI,13315
2022-10,11,BUZAU,1492
2022-10,12,CALARASI,269
2022-10,13,CARAS SEVERIN,517
2022-10,14,CLUJ,2623
2022-10,15,CONSTANTA,2251
2022-10,16,COVASNA,314
2022-10,17,DAMBOVITA,1437
2022-10,18,DOLJ,1862
2022-10,19,GALATI,1502
2022-10,20,GIURGIU,603
2022-10,21,GORJ,595
2022-10,22,HARGHITA,819
2022-10,23,HUNEDOARA,764
2022-10,24,IALOMITA,636
2022-10,25,IASI,2171
2022-10,26,ILFOV,3687
2022-10,27,MARAMURES,600
2022-10,28,MEHEDINTI,758
2022-10,29,MURES,956
2022-10,30,NEAMT,1022
2022-10,31,OLT,136
2022-10,32,PRAHOVA,1570
2022-10,33,SALAJ,360
2022-10,34,SATU MARE,851
2022-10,35,SIBIU,905
2022-10,36,SUCEAVA,1380
2022-10,37,TELEORMAN,323
2022-10,38,TIMIS,2665
2022-10,39,TULCEA,497
2022-10,40,VALCEA,565
2022-10,41,VASLUI,981
2022-10,42,VRANCEA,828
2022-11,1,ALBA,340
2022-11,2,ARAD,1330
2022-11,3,ARGES,685
2022-11,4,BACAU,1013
2022-11,5,BIHOR,1755
2022-11,6,BISTRITA NASAUD,655
2022-11,7,BOTOSANI,1007
2022-11,8,BRAILA,937
2022-11,9,BRASOV,3470
2022-11,10,BUCURESTI,13333
2022-11,11,BUZAU,1402
2022-11,12,CALARASI,301
2022-11,13,CARAS SEVERIN,513
2022-11,14,CLUJ,2763
2022-11,15,CONSTANTA,2692
2022-11,16,COVASNA,315
2022-11,17,DAMBOVITA,1229
2022-11,18,DOLJ,1838
2022-11,19,GALATI,1451
2022-11,20,GIURGIU,721
2022-11,21,GORJ,602
2022-11,22,HARGHITA,779
2022-11,23,HUNEDOARA,798
2022-11,24,IALOMITA,613
2022-11,25,IASI,1876
2022-11,26,ILFOV,3491
2022-11,27,MARAMURES,681
2022-11,28,MEHEDINTI,1009
2022-11,29,MURES,1079
2022-11,30,NEAMT,1027
2022-11,31,OLT,219
2022-11,32,PRAHOVA,1461
2022-11,33,SALAJ,507
2022-11,34,SATU MARE,1007
2022-11,35,SIBIU,951
2022-11,36,SUCEAVA,1667
2022-11,37,TELEORMAN,243
2022-11,38,TIMIS,2723
2022-11,39,TULCEA,719
2022-11,40,VALCEA,594
2022-11,41,VASLUI,1027
2022-11,42,VRANCEA,836
2022-12,1,ALBA,401
2022-12,2,ARAD,1743
2022-12,3,ARGES,577
2022-12,4,BACAU,1291
2022-12,5,BIHOR,1759
2022-12,6,BISTRITA NASAUD,623
2022-12,7,BOTOSANI,1204
2022-12,8,BRAILA,927
2022-12,9,BRASOV,3748
2022-12,10,BUCURESTI,13254
2022-12,11,BUZAU,1537
2022-12,12,CALARASI,112
2022-12,13,CARAS SEVERIN,398
2022-12,14,CLUJ,2519
2022-12,15,CONSTANTA,2206
2022-12,16,COVASNA,369
2022-12,17,DAMBOVITA,1474
2022-12,18,DOLJ,1183
2022-12,19,GALATI,1237
2022-12,20,GIURGIU,424
2022-12,21,GORJ,656
2022-12,22,HARGHITA,809
2022-12,23,HUNEDOARA,776
2022-12,24,IALOMITA,753
2022-12,25,IASI,1692
2022-12,26,ILFOV,3151
2022-12,27,MARAMURES,569
2022-12,28,MEHEDINTI,1367
2022-12,29,MURES,1233
2022-12,30,NEAMT,1151
2022-12,31,OLT,107
2022-12,32,PRAHOVA,1400
2022-12,33,SALAJ,441
2022-12,34,SATU MARE,947
2022-12,35,SIBIU,806
2022-12,36,SUCEAVA,1580
2022-12,37,TELEORMAN,160
2022-12,38,TIMIS,2527
2022-12,39,TULCEA,719
2022-12,40,VALCEA,554
2022-12,41,VASLUI,877
2022-12,42,VRANCEA,603
2023-01,1,ALBA,404
2023-01,2,ARAD,602
2023-01,3,ARGES,611
2023-01,4,BACAU,668
2023-01,5,BIHOR,915
2023-01,6,BISTRITA NASAUD,304
2023-01,7,BOTOSANI,573
2023-01,8,BRAILA,587
2023-01,9,BRASOV,1928
2023-01,10,BUCURESTI,6945
2023-01,11,BUZAU,825
2023-01,12,CALARASI,198
2023-01,13,CARAS SEVERIN,274
2023-01,14,CLUJ,1064
2023-01,15,CONSTANTA,1237
2023-01,16,COVASNA,180
2023-01,17,DAMBOVITA,906
2023-01,18,DOLJ,1090
2023-01,19,GALATI,864
2023-01,20,GIURGIU,441
2023-01,21,GORJ,346
2023-01,22,HARGHITA,352
2023-01,23,HUNEDOARA,375
2023-01,24,IALOMITA,243
2023-01,25,IASI,1288
2023-01,26,ILFOV,1458
2023-01,27,MARAMURES,461
2023-01,28,MEHEDINTI,520
2023-01,29,MURES,302
2023-01,30,NEAMT,491
2023-01,31,OLT,184
2023-01,32,PRAHOVA,1007
2023-01,33,SALAJ,256
2023-01,34,SATU MARE,563
2023-01,35,SIBIU,480
2023-01,36,SUCEAVA,1163
2023-01,37,TELEORMAN,174
2023-01,38,TIMIS,1058
2023-01,39,TULCEA,486
2023-01,40,VALCEA,464
2023-01,41,VASLUI,374
2023-01,42,VRANCEA,613
2023-02,1,ALBA,851
2023-02,2,ARAD,1044
2023-02,3,ARGES,862
2023-02,4,BACAU,1149
2023-02,5,BIHOR,1412
2023-02,6,BISTRITA NASAUD,432
2023-02,7,BOTOSANI,753
2023-02,8,BRAILA,1005
2023-02,9,BRASOV,2628
2023-02,10,BUCURESTI,8185
2023-02,11,BUZAU,1100
2023-02,12,CALARASI,515
2023-02,13,CARAS SEVERIN,409
2023-02,14,CLUJ,2046
2023-02,15,CONSTANTA,2106
2023-02,16,COVASNA,271
2023-02,17,DAMBOVITA,942
2023-02,18,DOLJ,1382
2023-02,19,GALATI,989
2023-02,20,GIURGIU,523
2023-02,21,GORJ,445
2023-02,22,HARGHITA,738
2023-02,23,HUNEDOARA,646
2023-02,24,IALOMITA,660
2023-02,25,IASI,1603
2023-02,26,ILFOV,2000
2023-02,27,MARAMURES,701
2023-02,28,MEHEDINTI,529
2023-02,29,MURES,759
2023-02,30,NEAMT,682
2023-02,31,OLT,138
2023-02,32,PRAHOVA,1387
2023-02,33,SALAJ,420
2023-02,34,SATU MARE,851
2023-02,35,SIBIU,811
2023-02,36,SUCEAVA,1282
2023-02,37,TELEORMAN,303
2023-02,38,TIMIS,2277
2023-02,39,TULCEA,570
2023-02,40,VALCEA,581
2023-02,41,VASLUI,561
2023-02,42,VRANCEA,713
2023-03,1,ALBA,1077
2023-03,2,ARAD,1506
2023-03,3,ARGES,1028
2023-03,4,BACAU,1139
2023-03,5,BIHOR,1881
2023-03,6,BISTRITA NASAUD,593
2023-03,7,BOTOSANI,957
2023-03,8,BRAILA,785
2023-03,9,BRASOV,2921
2023-03,10,BUCURESTI,9292
2023-03,11,BUZAU,1301
2023-03,12,CALARASI,690
2023-03,13,CARAS SEVERIN,381
2023-03,14,CLUJ,2623
2023-03,15,CONSTANTA,2251
2023-03,16,COVASNA,364
2023-03,17,DAMBOVITA,1284
2023-03,18,DOLJ,1565
2023-03,19,GALATI,1119
2023-03,20,GIURGIU,635
2023-03,21,GORJ,599
2023-03,22,HARGHITA,748
2023-03,23,HUNEDOARA,834
2023-03,24,IALOMITA,850
2023-03,25,IASI,2050
2023-03,26,ILFOV,3431
2023-03,27,MARAMURES,848
2023-03,28,MEHEDINTI,1050
2023-03,29,MURES,1119
2023-03,30,NEAMT,892
2023-03,31,OLT,78
2023-03,32,PRAHOVA,1782
2023-03,33,SALAJ,466
2023-03,34,SATU MARE,1004
2023-03,35,SIBIU,984
2023-03,36,SUCEAVA,1458
2023-03,37,TELEORMAN,284
2023-03,38,TIMIS,2792
2023-03,39,TULCEA,561
2023-03,40,VALCEA,660
2023-03,41,VASLUI,819
2023-03,42,VRANCEA,798
2023-04,1,ALBA,407
2023-04,2,ARAD,967
2023-04,3,ARGES,804
2023-04,4,BACAU,746
2023-04,5,BIHOR,1217
2023-04,6,BISTRITA NASAUD,477
2023-04,7,BOTOSANI,668
2023-04,8,BRAILA,556
2023-04,9,BRASOV,2274
2023-04,10,BUCURESTI,6322
2023-04,11,BUZAU,855
2023-04,12,CALARASI,383
2023-04,13,CARAS SEVERIN,399
2023-04,14,CLUJ,2042
2023-04,15,CONSTANTA,2288
2023-04,16,COVASNA,226
2023-04,17,DAMBOVITA,1072
2023-04,18,DOLJ,1158
2023-04,19,GALATI,946
2023-04,20,GIURGIU,516
2023-04,21,GORJ,422
2023-04,22,HARGHITA,601
2023-04,23,HUNEDOARA,598
2023-04,24,IALOMITA,502
2023-04,25,IASI,1463
2023-04,26,ILFOV,2447
2023-04,27,MARAMURES,488
2023-04,28,MEHEDINTI,1133
2023-04,29,MURES,741
2023-04,30,NEAMT,606
2023-04,31,OLT,33
2023-04,32,PRAHOVA,1342
2023-04,33,SALAJ,309
2023-04,34,SATU MARE,729
2023-04,35,SIBIU,817
2023-04,36,SUCEAVA,902
2023-04,37,TELEORMAN,196
2023-04,38,TIMIS,1976
2023-04,39,TULCEA,591
2023-04,40,VALCEA,581
2023-04,41,VASLUI,468
2023-04,42,VRANCEA,653
2023-05,1,ALBA,804
2023-05,2,ARAD,1436
2023-05,3,ARGES,918
2023-05,4,BACAU,1046
2023-05,5,BIHOR,1665
2023-05,6,BISTRITA NASAUD,556
2023-05,7,BOTOSANI,813
2023-05,8,BRAILA,827
2023-05,9,BRASOV,3348
2023-05,10,BUCURESTI,8409
2023-05,11,BUZAU,1236
2023-05,12,CALARASI,641
2023-05,13,CARAS SEVERIN,478
2023-05,14,CLUJ,2637
2023-05,15,CONSTANTA,2763
2023-05,16,COVASNA,370
2023-05,17,DAMBOVITA,1294
2023-05,18,DOLJ,1654
2023-05,19,GALATI,1182
2023-05,20,GIURGIU,651
2023-05,21,GORJ,591
2023-05,22,HARGHITA,691
2023-05,23,HUNEDOARA,747
2023-05,24,IALOMITA,620
2023-05,25,IASI,2167
2023-05,26,ILFOV,3807
2023-05,27,MARAMURES,740
2023-05,28,MEHEDINTI,1167
2023-05,29,MURES,1123
2023-05,30,NEAMT,967
2023-05,31,OLT,196
2023-05,32,PRAHOVA,1663
2023-05,33,SALAJ,508
2023-05,34,SATU MARE,775
2023-05,35,SIBIU,1077
2023-05,36,SUCEAVA,1524
2023-05,37,TELEORMAN,490
2023-05,38,TIMIS,2603
2023-05,39,TULCEA,713
2023-05,40,VALCEA,696
2023-05,41,VASLUI,671
2023-05,42,VRANCEA,935
2023-06,1,ALBA,764
2023-06,2,ARAD,944
2023-06,3,ARGES,828
2023-06,4,BACAU,825
2023-06,5,BIHOR,1360
2023-06,6,BISTRITA NASAUD,436
2023-06,7,BOTOSANI,769
2023-06,8,BRAILA,517
2023-06,9,BRASOV,2247
2023-06,10,BUCURESTI,7253
2023-06,11,BUZAU,1030
2023-06,12,CALARASI,410
2023-06,13,CARAS SEVERIN,357
2023-06,14,CLUJ,2082
2023-06,15,CONSTANTA,1864
2023-06,16,COVASNA,326
2023-06,17,DAMBOVITA,965
2023-06,18,DOLJ,1230
2023-06,19,GALATI,974
2023-06,20,GIURGIU,426
2023-06,21,GORJ,395
2023-06,22,HARGHITA,628
2023-06,23,HUNEDOARA,627
2023-06,24,IALOMITA,253
2023-06,25,IASI,2099
2023-06,26,ILFOV,3023
2023-06,27,MARAMURES,496
2023-06,28,MEHEDINTI,627
2023-06,29,MURES,1013
2023-06,30,NEAMT,906
2023-06,31,OLT,100
2023-06,32,PRAHOVA,1259
2023-06,33,SALAJ,322
2023-06,34,SATU MARE,814
2023-06,35,SIBIU,814
2023-06,36,SUCEAVA,1412
2023-06,37,TELEORMAN,84
2023-06,38,TIMIS,1936
2023-06,39,TULCEA,510
2023-06,40,VALCEA,412
2023-06,41,VASLUI,509
2023-06,42,VRANCEA,573
2023-07,1,ALBA,544
2023-07,2,ARAD,1444
2023-07,3,ARGES,793
2023-07,4,BACAU,932
2023-07,5,BIHOR,1490
2023-07,6,BISTRITA NASAUD,464
2023-07,7,BOTOSANI,902
2023-07,8,BRAILA,637
2023-07,9,BRASOV,2205
2023-07,10,BUCURESTI,8921
2023-07,11,BUZAU,1272
2023-07,12,CALARASI,504
2023-07,13,CARAS SEVERIN,307
2023-07,14,CLUJ,2351
2023-07,15,CONSTANTA,2204
2023-07,16,COVASNA,321
2023-07,17,DAMBOVITA,1169
2023-07,18,DOLJ,1627
2023-07,19,GALATI,881
2023-07,20,GIURGIU,648
2023-07,21,GORJ,521
2023-07,22,HARGHITA,737
2023-07,23,HUNEDOARA,765
2023-07,24,IALOMITA,443
2023-07,25,IASI,1944
2023-07,26,ILFOV,3401
2023-07,27,MARAMURES,548
2023-07,28,MEHEDINTI,628
2023-07,29,MURES,951
2023-07,30,NEAMT,733
2023-07,31,OLT,91
2023-07,32,PRAHOVA,1330
2023-07,33,SALAJ,483
2023-07,34,SATU MARE,685
2023-07,35,SIBIU,770
2023-07,36,SUCEAVA,1509
2023-07,37,TELEORMAN,561
2023-07,38,TIMIS,2454
2023-07,39,TULCEA,582
2023-07,40,VALCEA,422
2023-07,41,VASLUI,678
2023-07,42,VRANCEA,879
2023-08,1,ALBA,680
2023-08,2,ARAD,1323
2023-08,3,ARGES,827
2023-08,4,BACAU,1240
2023-08,5,BIHOR,1417
2023-08,6,BISTRITA NASAUD,732
2023-08,7,BOTOSANI,1141
2023-08,8,BRAILA,684
2023-08,9,BRASOV,2874
2023-08,10,BUCURESTI,10470
2023-08,11,BUZAU,1208
2023-08,12,CALARASI,457
2023-08,13,CARAS SEVERIN,332
2023-08,14,CLUJ,2999
2023-08,15,CONSTANTA,2037
2023-08,16,COVASNA,333
2023-08,17,DAMBOVITA,1594
2023-08,18,DOLJ,1514
2023-08,19,GALATI,1239
2023-08,20,GIURGIU,584
2023-08,21,GORJ,582
2023-08,22,HARGHITA,739
2023-08,23,HUNEDOARA,739
2023-08,24,IALOMITA,384
2023-08,25,IASI,2380
2023-08,26,ILFOV,4248
2023-08,27,MARAMURES,991
2023-08,28,MEHEDINTI,703
2023-08,29,MURES,1362
2023-08,30,NEAMT,1197
2023-08,31,OLT,166
2023-08,32,PRAHOVA,1492
2023-08,33,SALAJ,442
2023-08,34,SATU MARE,1175
2023-08,35,SIBIU,1045
2023-08,36,SUCEAVA,2286
2023-08,37,TELEORMAN,144
2023-08,38,TIMIS,2629
2023-08,39,TULCEA,886
2023-08,40,VALCEA,555
2023-08,41,VASLUI,687
2023-08,42,VRANCEA,908
2023-09,1,ALBA,517
2023-09,2,ARAD,1334
2023-09,3,ARGES,913
2023-09,4,BACAU,1029
2023-09,5,BIHOR,1518
2023-09,6,BISTRITA NASAUD,587
2023-09,7,BOTOSANI,1029
2023-09,8,BRAILA,614
2023-09,9,BRASOV,2978
2023-09,10,BUCURESTI,10750
2023-09,11,BUZAU,1002
2023-09,12,CALARASI,436
2023-09,13,CARAS SEVERIN,394
2023-09,14,CLUJ,2822
2023-09,15,CONSTANTA,2338
2023-09,16,COVASNA,267
2023-09,17,DAMBOVITA,1195
2023-09,18,DOLJ,1767
2023-09,19,GALATI,1080
2023-09,20,GIURGIU,450
2023-09,21,GORJ,468
2023-09,22,HARGHITA,603
2023-09,23,HUNEDOARA,668
2023-09,24,IALOMITA,483
2023-09,25,IASI,1968
2023-09,26,ILFOV,4024
2023-09,27,MARAMURES,638
2023-09,28,MEHEDINTI,671
2023-09,29,MURES,1058
2023-09,30,NEAMT,901
2023-09,31,OLT,213
2023-09,32,PRAHOVA,1469
2023-09,33,SALAJ,488
2023-09,34,SATU MARE,1034
2023-09,35,SIBIU,885
2023-09,36,SUCEAVA,1670
2023-09,37,TELEORMAN,146
2023-09,38,TIMIS,2716
2023-09,39,TULCEA,379
2023-09,40,VALCEA,647
2023-09,41,VASLUI,693
2023-09,42,VRANCEA,772
2023-10,1,ALBA,610
2023-10,2,ARAD,1325
2023-10,3,ARGES,1100
2023-10,4,BACAU,1097
2023-10,5,BIHOR,1839
2023-10,6,BISTRITA NASAUD,511
2023-10,7,BOTOSANI,901
2023-10,8,BRAILA,997
2023-10,9,BRASOV,3706
2023-10,10,BUCURESTI,11500
2023-10,11,BUZAU,1247
2023-10,12,CALARASI,502
2023-10,13,CARAS SEVERIN,444
2023-10,14,CLUJ,3025
2023-10,15,CONSTANTA,2542
2023-10,16,COVASNA,464
2023-10,17,DAMBOVITA,1421
2023-10,18,DOLJ,1621
2023-10,19,GALATI,1241
2023-10,20,GIURGIU,718
2023-10,21,GORJ,573
2023-10,22,HARGHITA,820
2023-10,23,HUNEDOARA,858
2023-10,24,IALOMITA,506
2023-10,25,IASI,2610
2023-10,26,ILFOV,5014
2023-10,27,MARAMURES,812
2023-10,28,MEHEDINTI,714
2023-10,29,MURES,1538
2023-10,30,NEAMT,987
2023-10,31,OLT,294
2023-10,32,PRAHOVA,1577
2023-10,33,SALAJ,511
2023-10,34,SATU MARE,964
2023-10,35,SIBIU,1056
2023-10,36,SUCEAVA,1844
2023-10,37,TELEORMAN,121
2023-10,38,TIMIS,3130
2023-10,39,TULCEA,565
2023-10,40,VALCEA,637
2023-10,41,VASLUI,759
2023-10,42,VRANCEA,929
2023-11,1,ALBA,345
2023-11,2,ARAD,1505
2023-11,3,ARGES,1080
2023-11,4,BACAU,1103
2023-11,5,BIHOR,1959
2023-11,6,BISTRITA NASAUD,941
2023-11,7,BOTOSANI,1139
2023-11,8,BRAILA,693
2023-11,9,BRASOV,4006
2023-11,10,BUCURESTI,11916
2023-11,11,BUZAU,1098
2023-11,12,CALARASI,647
2023-11,13,CARAS SEVERIN,420
2023-11,14,CLUJ,3082
2023-11,15,CONSTANTA,3193
2023-11,16,COVASNA,393
2023-11,17,DAMBOVITA,1529
2023-11,18,DOLJ,1416
2023-11,19,GALATI,1206
2023-11,20,GIURGIU,533
2023-11,21,GORJ,482
2023-11,22,HARGHITA,875
2023-11,23,HUNEDOARA,739
2023-11,24,IALOMITA,610
2023-11,25,IASI,2547
2023-11,26,ILFOV,4156
2023-11,27,MARAMURES,718
2023-11,28,MEHEDINTI,684
2023-11,29,MURES,1384
2023-11,30,NEAMT,956
2023-11,31,OLT,367
2023-11,32,PRAHOVA,1712
2023-11,33,SALAJ,501
2023-11,34,SATU MARE,927
2023-11,35,SIBIU,766
2023-11,36,SUCEAVA,1763
2023-11,37,TELEORMAN,155
2023-11,38,TIMIS,3196
2023-11,39,TULCEA,531
2023-11,40,VALCEA,549
2023-11,41,VASLUI,692
2023-11,42,VRANCEA,775
2023-12,1,ALBA,308
2023-12,2,ARAD,1052
2023-12,3,ARGES,735
2023-12,4,BACAU,993
2023-12,5,BIHOR,1671
2023-12,6,BISTRITA NASAUD,811
2023-12,7,BOTOSANI,859
2023-12,8,BRAILA,836
2023-12,9,BRASOV,3797
2023-12,10,BUCURESTI,15454
2023-12,11,BUZAU,1127
2023-12,12,CALARASI,309
2023-12,13,CARAS SEVERIN,275
2023-12,14,CLUJ,2556
2023-12,15,CONSTANTA,2279
2023-12,16,COVASNA,385
2023-12,17,DAMBOVITA,1220
2023-12,18,DOLJ,1345
2023-12,19,GALATI,1070
2023-12,20,GIURGIU,441
2023-12,21,GORJ,535
2023-12,22,HARGHITA,725
2023-12,23,HUNEDOARA,744
2023-12,24,IALOMITA,296
2023-12,25,IASI,2684
2023-12,26,ILFOV,4077
2023-12,27,MARAMURES,557
2023-12,28,MEHEDINTI,611
2023-12,29,MURES,1388
2023-12,30,NEAMT,1041
2023-12,31,OLT,312
2023-12,32,PRAHOVA,1491
2023-12,33,SALAJ,460
2023-12,34,SATU MARE,776
2023-12,35,SIBIU,731
2023-12,36,SUCEAVA,1367
2023-12,37,TELEORMAN,104
2023-12,38,TIMIS,2763
2023-12,39,TULCEA,354
2023-12,40,VALCEA,632
2023-12,41,VASLUI,625
2023-12,42,VRANCEA,785
2024-01,1,ALBA,237
2024-01,2,ARAD,523
2024-01,3,ARGES,440
2024-01,4,BACAU,779
2024-01,5,BIHOR,1233
2024-01,6,BISTRITA NASAUD,432
2024-01,7,BOTOSANI,751
2024-01,8,BRAILA,449
2024-01,9,BRASOV,2030
2024-01,10,BUCURESTI,6625
2024-01,11,BUZAU,832
2024-01,12,CALARASI,278
2024-01,13,CARAS SEVERIN,265
2024-01,14,CLUJ,1510
2024-01,15,CONSTANTA,1739
2024-01,16,COVASNA,289
2024-01,17,DAMBOVITA,779
2024-01,18,DOLJ,1063
2024-01,19,GALATI,617
2024-01,20,GIURGIU,328
2024-01,21,GORJ,406
2024-01,22,HARGHITA,300
2024-01,23,HUNEDOARA,361
2024-01,24,IALOMITA,203
2024-01,25,IASI,2007
2024-01,26,ILFOV,2797
2024-01,27,MARAMURES,436
2024-01,28,MEHEDINTI,492
2024-01,29,MURES,537
2024-01,30,NEAMT,498
2024-01,31,OLT,355
2024-01,32,PRAHOVA,803
2024-01,33,SALAJ,350
2024-01,34,SATU MARE,516
2024-01,35,SIBIU,609
2024-01,36,SUCEAVA,1567
2024-01,37,TELEORMAN,115
2024-01,38,TIMIS,1755
2024-01,39,TULCEA,356
2024-01,40,VALCEA,474
2024-01,41,VASLUI,477
2024-01,42,VRANCEA,628
2024-02,1,ALBA,551
2024-02,2,ARAD,1102
2024-02,3,ARGES,681
2024-02,4,BACAU,944
2024-02,5,BIHOR,1501
2024-02,6,BISTRITA NASAUD,493
2024-02,7,BOTOSANI,1071
2024-02,8,BRAILA,788
2024-02,9,BRASOV,2577
2024-02,10,BUCURESTI,9130
2024-02,11,BUZAU,1102
2024-02,12,CALARASI,452
2024-02,13,CARAS SEVERIN,516
2024-02,14,CLUJ,2460
2024-02,15,CONSTANTA,2359
2024-02,16,COVASNA,334
2024-02,17,DAMBOVITA,1452
2024-02,18,DOLJ,1708
2024-02,19,GALATI,978
2024-02,20,GIURGIU,617
2024-02,21,GORJ,618
2024-02,22,HARGHITA,590
2024-02,23,HUNEDOARA,719
2024-02,24,IALOMITA,775
2024-02,25,IASI,3231
2024-02,26,ILFOV,3483
2024-02,27,MARAMURES,603
2024-02,28,MEHEDINTI,681
2024-02,29,MURES,976
2024-02,30,NEAMT,881
2024-02,31,OLT,560
2024-02,32,PRAHOVA,1131
2024-02,33,SALAJ,415
2024-02,34,SATU MARE,860
2024-02,35,SIBIU,617
2024-02,36,SUCEAVA,1459
2024-02,37,TELEORMAN,237
2024-02,38,TIMIS,2645
2024-02,39,TULCEA,661
2024-02,40,VALCEA,579
2024-02,41,VASLUI,555
2024-02,42,VRANCEA,701
2024-03,1,ALBA,569
2024-03,2,ARAD,1050
2024-03,3,ARGES,809
2024-03,4,BACAU,936
2024-03,5,BIHOR,1756
2024-03,6,BISTRITA NASAUD,526
2024-03,7,BOTOSANI,881
2024-03,8,BRAILA,679
2024-03,9,BRASOV,2177
2024-03,10,BUCURESTI,10251
2024-03,11,BUZAU,1157
2024-03,12,CALARASI,691
2024-03,13,CARAS SEVERIN,486
2024-03,14,CLUJ,2559
2024-03,15,CONSTANTA,2002
2024-03,16,COVASNA,329
2024-03,17,DAMBOVITA,1200
2024-03,18,DOLJ,1455
2024-03,19,GALATI,1051
2024-03,20,GIURGIU,476
2024-03,21,GORJ,631
2024-03,22,HARGHITA,749
2024-03,23,HUNEDOARA,698
2024-03,24,IALOMITA,637
2024-03,25,IASI,2349
2024-03,26,ILFOV,4230
2024-03,27,MARAMURES,674
2024-03,28,MEHEDINTI,642
2024-03,29,MURES,931
2024-03,30,NEAMT,884
2024-03,31,OLT,592
2024-03,32,PRAHOVA,1395
2024-03,33,SALAJ,419
2024-03,34,SATU MARE,858
2024-03,35,SIBIU,829
2024-03,36,SUCEAVA,1555
2024-03,37,TELEORMAN,143
2024-03,38,TIMIS,2605
2024-03,39,TULCEA,474
2024-03,40,VALCEA,629
2024-03,41,VASLUI,578
2024-03,42,VRANCEA,816
2024-04,1,ALBA,698
2024-04,2,ARAD,1629
2024-04,3,ARGES,1033
2024-04,4,BACAU,1197
2024-04,5,BIHOR,1822
2024-04,6,BISTRITA NASAUD,597
2024-04,7,BOTOSANI,937
2024-04,8,BRAILA,994
2024-04,9,BRASOV,3110
2024-04,10,BUCURESTI,11006
2024-04,11,BUZAU,1438
2024-04,12,CALARASI,488
2024-04,13,CARAS SEVERIN,509
2024-04,14,CLUJ,2843
2024-04,15,CONSTANTA,2863
2024-04,16,COVASNA,344
2024-04,17,DAMBOVITA,1401
2024-04,18,DOLJ,1704
2024-04,19,GALATI,1239
2024-04,20,GIURGIU,472
2024-04,21,GORJ,642
2024-04,22,HARGHITA,663
2024-04,23,HUNEDOARA,857
2024-04,24,IALOMITA,728
2024-04,25,IASI,2457
2024-04,26,ILFOV,4982
2024-04,27,MARAMURES,575
2024-04,28,MEHEDINTI,920
2024-04,29,MURES,1114
2024-04,30,NEAMT,843
2024-04,31,OLT,596
2024-04,32,PRAHOVA,1617
2024-04,33,SALAJ,460
2024-04,34,SATU MARE,846
2024-04,35,SIBIU,928
2024-04,36,SUCEAVA,1593
2024-04,37,TELEORMAN,114
2024-04,38,TIMIS,2901
2024-04,39,TULCEA,330
2024-04,40,VALCEA,635
2024-04,41,VASLUI,664
2024-04,42,VRANCEA,929
2024-05,1,ALBA,308
2024-05,2,ARAD,946
2024-05,3,ARGES,491
2024-05,4,BACAU,1213
2024-05,5,BIHOR,1372
2024-05,6,BISTRITA NASAUD,407
2024-05,7,BOTOSANI,784
2024-05,8,BRAILA,630
2024-05,9,BRASOV,2271
2024-05,10,BUCURESTI,7390
2024-05,11,BUZAU,847
2024-05,12,CALARASI,364
2024-05,13,CARAS SEVERIN,376
2024-05,14,CLUJ,2164
2024-05,15,CONSTANTA,1811
2024-05,16,COVASNA,303
2024-05,17,DAMBOVITA,1003
2024-05,18,DOLJ,1324
2024-05,19,GALATI,864
2024-05,20,GIURGIU,397
2024-05,21,GORJ,463
2024-05,22,HARGHITA,658
2024-05,23,HUNEDOARA,417
2024-05,24,IALOMITA,441
2024-05,25,IASI,1897
2024-05,26,ILFOV,3269
2024-05,27,MARAMURES,605
2024-05,28,MEHEDINTI,657
2024-05,29,MURES,837
2024-05,30,NEAMT,736
2024-05,31,OLT,299
2024-05,32,PRAHOVA,1024
2024-05,33,SALAJ,261
2024-05,34,SATU MARE,797
2024-05,35,SIBIU,590
2024-05,36,SUCEAVA,1332
2024-05,37,TELEORMAN,76
2024-05,38,TIMIS,1994
2024-05,39,TULCEA,350
2024-05,40,VALCEA,514
2024-05,41,VASLUI,523
2024-05,42,VRANCEA,596
2024-06,1,ALBA,411
2024-06,2,ARAD,927
2024-06,3,ARGES,678
2024-06,4,BACAU,1067
2024-06,5,BIHOR,1325
2024-06,6,BISTRITA NASAUD,514
2024-06,7,BOTOSANI,631
2024-06,8,BRAILA,582
2024-06,9,BRASOV,1861
2024-06,10,BUCURESTI,9062
2024-06,11,BUZAU,800
2024-06,12,CALARASI,573
2024-06,13,CARAS SEVERIN,343
2024-06,14,CLUJ,1883
2024-06,15,CONSTANTA,1859
2024-06,16,COVASNA,252
2024-06,17,DAMBOVITA,1347
2024-06,18,DOLJ,1136
2024-06,19,GALATI,942
2024-06,20,GIURGIU,342
2024-06,21,GORJ,526
2024-06,22,HARGHITA,609
2024-06,23,HUNEDOARA,616
2024-06,24,IALOMITA,514
2024-06,25,IASI,1816
2024-06,26,ILFOV,3707
2024-06,27,MARAMURES,492
2024-06,28,MEHEDINTI,584
2024-06,29,MURES,851
2024-06,30,NEAMT,740
2024-06,31,OLT,260
2024-06,32,PRAHOVA,1217
2024-06,33,SALAJ,366
2024-06,34,SATU MARE,773
2024-06,35,SIBIU,729
2024-06,36,SUCEAVA,1122
2024-06,37,TELEORMAN,45
2024-06,38,TIMIS,2138
2024-06,39,TULCEA,373
2024-06,40,VALCEA,491
2024-06,41,VASLUI,587
2024-06,42,VRANCEA,627
2024-07,1,ALBA,484
2024-07,2,ARAD,1069
2024-07,3,ARGES,867
2024-07,4,BACAU,1155
2024-07,5,BIHOR,1538
2024-07,6,BISTRITA NASAUD,701
2024-07,7,BOTOSANI,910
2024-07,8,BRAILA,684
2024-07,9,BRASOV,2803
2024-07,10,BUCURESTI,10403
2024-07,11,BUZAU,1211
2024-07,12,CALARASI,692
2024-07,13,CARAS SEVERIN,529
2024-07,14,CLUJ,2768
2024-07,15,CONSTANTA,2795
2024-07,16,COVASNA,334
2024-07,17,DAMBOVITA,1331
2024-07,18,DOLJ,1553
2024-07,19,GALATI,1038
2024-07,20,GIURGIU,345
2024-07,21,GORJ,583
2024-07,22,HARGHITA,779
2024-07,23,HUNEDOARA,830
2024-07,24,IALOMITA,792
2024-07,25,IASI,2332
2024-07,26,ILFOV,4811
2024-07,27,MARAMURES,643
2024-07,28,MEHEDINTI,567
2024-07,29,MURES,1126
2024-07,30,NEAMT,842
2024-07,31,OLT,361
2024-07,32,PRAHOVA,1271
2024-07,33,SALAJ,364
2024-07,34,SATU MARE,780
2024-07,35,SIBIU,961
2024-07,36,SUCEAVA,1606
2024-07,37,TELEORMAN,67
2024-07,38,TIMIS,2354
2024-07,39,TULCEA,555
2024-07,40,VALCEA,685
2024-07,41,VASLUI,706
2024-07,42,VRANCEA,796
2024-08,1,ALBA,307
2024-08,2,ARAD,1012
2024-08,3,ARGES,844
2024-08,4,BACAU,1484
2024-08,5,BIHOR,1325
2024-08,6,BISTRITA NASAUD,617
2024-08,7,BOTOSANI,1035
2024-08,8,BRAILA,459
2024-08,9,BRASOV,2759
2024-08,10,BUCURESTI,8399
2024-08,11,BUZAU,948
2024-08,12,CALARASI,445
2024-08,13,CARAS SEVERIN,382
2024-08,14,CLUJ,2515
2024-08,15,CONSTANTA,2426
2024-08,16,COVASNA,303
2024-08,17,DAMBOVITA,1046
2024-08,18,DOLJ,1276
2024-08,19,GALATI,1014
2024-08,20,GIURGIU,427
2024-08,21,GORJ,600
2024-08,22,HARGHITA,644
2024-08,23,HUNEDOARA,682
2024-08,24,IALOMITA,394
2024-08,25,IASI,1848
2024-08,26,ILFOV,3495
2024-08,27,MARAMURES,691
2024-08,28,MEHEDINTI,682
2024-08,29,MURES,1162
2024-08,30,NEAMT,1068
2024-08,31,OLT,233
2024-08,32,PRAHOVA,1057
2024-08,33,SALAJ,362
2024-08,34,SATU MARE,941
2024-08,35,SIBIU,727
2024-08,36,SUCEAVA,1927
2024-08,37,TELEORMAN,114
2024-08,38,TIMIS,2311
2024-08,39,TULCEA,597
2024-08,40,VALCEA,609
2024-08,41,VASLUI,917
2024-08,42,VRANCEA,983
2024-09,1,ALBA,359
2024-09,2,ARAD,1065
2024-09,3,ARGES,800
2024-09,4,BACAU,1245
2024-09,5,BIHOR,1393
2024-09,6,BISTRITA NASAUD,546
2024-09,7,BOTOSANI,797
2024-09,8,BRAILA,685
2024-09,9,BRASOV,2824
2024-09,10,BUCURESTI,9809
2024-09,11,BUZAU,1034
2024-09,12,CALARASI,408
2024-09,13,CARAS SEVERIN,398
2024-09,14,CLUJ,2529
2024-09,15,CONSTANTA,2996
2024-09,16,COVASNA,355
2024-09,17,DAMBOVITA,1272
2024-09,18,DOLJ,1455
2024-09,19,GALATI,1115
2024-09,20,GIURGIU,355
2024-09,21,GORJ,657
2024-09,22,HARGHITA,695
2024-09,23,HUNEDOARA,727
2024-09,24,IALOMITA,642
2024-09,25,IASI,2472
2024-09,26,ILFOV,4355
2024-09,27,MARAMURES,563
2024-09,28,MEHEDINTI,704
2024-09,29,MURES,982
2024-09,30,NEAMT,876
2024-09,31,OLT,401
2024-09,32,PRAHOVA,1314
2024-09,33,SALAJ,374
2024-09,34,SATU MARE,823
2024-09,35,SIBIU,628
2024-09,36,SUCEAVA,1513
2024-09,37,TELEORMAN,40
2024-09,38,TIMIS,2433
2024-09,39,TULCEA,438
2024-09,40,VALCEA,667
2024-09,41,VASLUI,1200
2024-09,42,VRANCEA,869
2024-10,1,ALBA,490
2024-10,2,ARAD,1274
2024-10,3,ARGES,899
2024-10,4,BACAU,1295
2024-10,5,BIHOR,1643
2024-10,6,BISTRITA NASAUD,651
2024-10,7,BOTOSANI,1081
2024-10,8,BRAILA,758
2024-10,9,BRASOV,3139
2024-10,10,BUCURESTI,11629
2024-10,11,BUZAU,1466
2024-10,12,CALARASI,576
2024-10,13,CARAS SEVERIN,652
2024-10,14,CLUJ,3163
2024-10,15,CONSTANTA,3614
2024-10,16,COVASNA,322
2024-10,17,DAMBOVITA,1499
2024-10,18,DOLJ,2345
2024-10,19,GALATI,1222
2024-10,20,GIURGIU,410
2024-10,21,GORJ,733
2024-10,22,HARGHITA,778
2024-10,23,HUNEDOARA,813
2024-10,24,IALOMITA,773
2024-10,25,IASI,3117
2024-10,26,ILFOV,5649
2024-10,27,MARAMURES,1009
2024-10,28,MEHEDINTI,813
2024-10,29,MURES,1535
2024-10,30,NEAMT,1063
2024-10,31,OLT,579
2024-10,32,PRAHOVA,2026
2024-10,33,SALAJ,452
2024-10,34,SATU MARE,919
2024-10,35,SIBIU,944
2024-10,36,SUCEAVA,1861
2024-10,37,TELEORMAN,52
2024-10,38,TIMIS,3110
2024-10,39,TULCEA,586
2024-10,40,VALCEA,876
2024-10,41,VASLUI,1295
2024-10,42,VRANCEA,887
2024-11,1,ALBA,395
2024-11,2,ARAD,1249
2024-11,3,ARGES,765
2024-11,4,BACAU,976
2024-11,5,BIHOR,1601
2024-11,6,BISTRITA NASAUD,548
2024-11,7,BOTOSANI,819
2024-11,8,BRAILA,636
2024-11,9,BRASOV,3355
2024-11,10,BUCURESTI,10752
2024-11,11,BUZAU,1200
2024-11,12,CALARASI,481
2024-11,13,CARAS SEVERIN,527
2024-11,14,CLUJ,2942
2024-11,15,CONSTANTA,3275
2024-11,16,COVASNA,398
2024-11,17,DAMBOVITA,1271
2024-11,18,DOLJ,1486
2024-11,19,GALATI,1081
2024-11,20,GIURGIU,314
2024-11,21,GORJ,573
2024-11,22,HARGHITA,713
2024-11,23,HUNEDOARA,677
2024-11,24,IALOMITA,307
2024-11,25,IASI,2392
2024-11,26,ILFOV,4510
2024-11,27,MARAMURES,771
2024-11,28,MEHEDINTI,709
2024-11,29,MURES,1218
2024-11,30,NEAMT,1032
2024-11,31,OLT,594
2024-11,32,PRAHOVA,1639
2024-11,33,SALAJ,465
2024-11,34,SATU MARE,1012
2024-11,35,SIBIU,772
2024-11,36,SUCEAVA,1628
2024-11,37,TELEORMAN,50
2024-11,38,TIMIS,2448
2024-11,39,TULCEA,504
2024-11,40,VALCEA,792
2024-11,41,VASLUI,611
2024-11,42,VRANCEA,927
2024-12,1,ALBA,319
2024-12,2,ARAD,1212
2024-12,3,ARGES,617
2024-12,4,BACAU,923
2024-12,5,BIHOR,1334
2024-12,6,BISTRITA NASAUD,665
2024-12,7,BOTOSANI,781
2024-12,8,BRAILA,568
2024-12,9,BRASOV,3207
2024-12,10,BUCURESTI,13257
2024-12,11,BUZAU,1033
2024-12,12,CALARASI,402
2024-12,13,CARAS SEVERIN,401
2024-12,14,CLUJ,2910
2024-12,15,CONSTANTA,2934
2024-12,16,COVASNA,328
2024-12,17,DAMBOVITA,1091
2024-12,18,DOLJ,1420
2024-12,19,GALATI,1281
2024-12,20,GIURGIU,397
2024-12,21,GORJ,467
2024-12,22,HARGHITA,706
2024-12,23,HUNEDOARA,494
2024-12,24,IALOMITA,121
2024-12,25,IASI,1791
2024-12,26,ILFOV,3890
2024-12,27,MARAMURES,608
2024-12,28,MEHEDINTI,809
2024-12,29,MURES,1365
2024-12,30,NEAMT,898
2024-12,31,OLT,417
2024-12,32,PRAHOVA,1110
2024-12,33,SALAJ,525
2024-12,34,SATU MARE,1131
2024-12,35,SIBIU,734
2024-12,36,SUCEAVA,1885
2024-12,37,TELEORMAN,78
2024-12,38,TIMIS,3296
2024-12,39,TULCEA,393
2019-12,40,VLCEA,693
2024-12,41,VASLUI,485
2024-12,42,VRANCEA,615
